ID,Player Name,Position,Team Name,Value,total_points,minutes,points_per_minute,1_xMins,1_Pts,2_xMins,2_Pts,3_xMins,3_Pts,4_xMins,4_Pts,5_xMins,5_Pts,6_xMins,6_Pts,7_xMins,7_Pts,8_xMins,8_Pts
1,Özil,MID,Arsenal,7.0,53.0,1439.0,0.036831132999999995,0.0,0.0,0.0,0.0,0.0,0.0,0.0,0.0,0.0,0.0,0.0,0.0,0.0,0.0,0.0,0.0
2,Sokratis,DEF,Arsenal,5.0,57.0,1696.0,0.033608491000000004,2.0,0.086,3.0,0.132,2.0,0.043,2.0,0.091,3.0,0.053,3.0,0.11599999999999999,3.0,0.081,2.0,0.09300000000000001
3,David Luiz,DEF,Arsenal,5.5,94.0,2809.0,0.033463866,74.0,3.25,72.0,3.23,71.0,1.454,66.0,3.089,65.0,1.07,64.0,2.532,56.0,1.504,57.0,2.7289999999999996
4,Aubameyang,MID,Arsenal,12.0,237.0,3136.0,0.07557398,82.0,5.735,78.0,5.506,77.0,3.445,77.0,5.073,78.0,3.4130000000000003,74.0,4.6080000000000005,76.0,3.668,74.0,5.575
5,Cédric,DEF,Arsenal,5.0,61.0,1553.0,0.039278815,15.0,0.6859999999999999,19.0,0.882,19.0,0.428,20.0,0.973,22.0,0.405,21.0,0.8640000000000001,22.0,0.628,20.0,0.978
6,Lacazette,FWD,Arsenal,8.5,118.0,1867.0,0.06320299900000001,63.0,4.325,60.0,4.1610000000000005,63.0,2.8560000000000003,60.0,3.818,60.0,2.71,58.0,3.557,61.0,2.977,59.0,4.338
7,Mustafi,DEF,Arsenal,5.0,43.0,1205.0,0.035684647,0.0,0.0,0.0,0.0,0.0,0.0,0.0,0.0,0.0,0.0,0.0,0.0,28.0,0.7559999999999999,40.0,1.935
8,Leno,GK,Arsenal,5.0,114.0,2649.0,0.043035107999999996,80.0,3.642,76.0,3.498,79.0,2.92,79.0,3.793,75.0,2.72,79.0,3.4760000000000004,79.0,3.073,77.0,3.6430000000000002
9,Xhaka,MID,Arsenal,5.5,73.0,2586.0,0.028228925,82.0,2.609,79.0,2.6039999999999996,79.0,1.976,79.0,2.574,76.0,1.8769999999999998,75.0,2.305,78.0,2.0540000000000003,74.0,2.5540000000000003
10,Marí,DEF,Arsenal,4.5,8.0,113.0,0.0,0.0,0.0,0.0,0.0,19.0,0.37200000000000005,27.0,1.168,38.0,0.581,38.0,1.38,33.0,0.83,30.0,1.296
11,Bellerín,DEF,Arsenal,5.0,44.0,1156.0,0.038062284,72.0,3.33,68.0,3.219,66.0,1.47,68.0,3.322,64.0,1.163,64.0,2.665,64.0,1.8230000000000002,64.0,3.198
12,Martínez,GK,Arsenal,4.5,33.0,770.0,0.0,9.0,0.39899999999999997,13.0,0.583,10.0,0.358,10.0,0.469,14.0,0.49200000000000005,10.0,0.429,10.0,0.377,12.0,0.552
13,Chambers,DEF,Arsenal,4.5,42.0,1102.0,0.038112522999999995,0.0,0.0,0.0,0.0,0.0,0.0,0.0,0.0,0.0,0.0,0.0,0.0,0.0,0.0,0.0,0.0
14,Kolasinac,DEF,Arsenal,5.0,55.0,1694.0,0.032467532,59.0,2.553,60.0,2.657,57.0,1.156,55.0,2.557,50.0,0.8220000000000001,55.0,2.144,44.0,1.172,47.0,2.221
15,Maitland-Niles,DEF,Arsenal,5.0,41.0,1382.0,0.029667149,5.0,0.21899999999999997,5.0,0.223,7.0,0.158,4.0,0.185,8.0,0.149,6.0,0.239,5.0,0.141,8.0,0.37799999999999995
16,Holding,DEF,Arsenal,4.5,16.0,580.0,0.0,43.0,1.7919999999999998,46.0,1.953,39.0,0.795,40.0,1.7990000000000002,34.0,0.56,37.0,1.401,35.0,0.9209999999999999,28.0,1.26
17,Tierney,DEF,Arsenal,5.5,42.0,986.0,0.0,75.0,3.64,75.0,3.642,73.0,1.671,74.0,3.7710000000000004,70.0,1.3090000000000002,69.0,2.9810000000000003,71.0,2.085,67.0,3.469
18,Pépé,MID,Arsenal,8.0,106.0,2004.0,0.052894212,56.0,3.4219999999999997,58.0,3.5669999999999997,55.0,2.272,55.0,3.196,55.0,2.23,55.0,3.0039999999999996,52.0,2.3080000000000003,54.0,3.5180000000000002
19,Torreira,MID,Arsenal,5.0,46.0,1501.0,0.030646236,52.0,1.966,52.0,2.004,53.0,1.561,51.0,1.936,49.0,1.425,49.0,1.745,52.0,1.6030000000000002,51.0,2.045
20,Willock,MID,Arsenal,5.0,41.0,838.0,0.0,30.0,1.65,31.0,1.652,30.0,1.19,27.0,1.375,29.0,1.0979999999999999,32.0,1.569,31.0,1.252,33.0,1.931
21,Nelson,MID,Arsenal,5.5,30.0,622.0,0.0,6.0,0.348,6.0,0.34700000000000003,9.0,0.37200000000000005,9.0,0.489,10.0,0.40700000000000003,10.0,0.52,9.0,0.39,11.0,0.667
22,Nketiah,FWD,Arsenal,6.0,25.0,628.0,0.0,23.0,1.476,26.0,1.652,22.0,1.0070000000000001,25.0,1.475,26.0,1.168,26.0,1.4869999999999999,23.0,1.102,26.0,1.7280000000000002
23,Smith Rowe,MID,Arsenal,4.5,4.0,96.0,0.0,0.0,0.0,1.0,0.043,2.0,0.07,3.0,0.125,3.0,0.10400000000000001,2.0,0.08,3.0,0.10800000000000001,3.0,0.133
24,Saka,MID,Arsenal,5.5,71.0,1746.0,0.040664376,34.0,1.355,38.0,1.5330000000000001,36.0,1.148,40.0,1.58,36.0,1.129,39.0,1.485,39.0,1.2990000000000002,38.0,1.59
25,Guendouzi,MID,Arsenal,5.0,48.0,1744.0,0.027522936,18.0,0.639,17.0,0.62,15.0,0.44799999999999995,18.0,0.648,21.0,0.611,19.0,0.649,17.0,0.522,18.0,0.6779999999999999
26,Martinelli,MID,Arsenal,5.0,44.0,656.0,0.0,0.0,0.0,0.0,0.0,0.0,0.0,0.0,0.0,0.0,0.0,0.0,0.0,0.0,0.0,0.0,0.0
27,Saliba,DEF,Arsenal,4.5,0.0,0.0,0.0,64.0,2.805,58.0,2.562,56.0,1.216,55.0,2.5610000000000004,55.0,0.972,53.0,2.099,46.0,1.2830000000000001,46.0,2.154
28,Heaton,GK,Aston Villa,4.5,59.0,1794.0,0.032887402,0.0,0.0,0.0,0.0,0.0,0.0,0.0,0.0,44.0,1.614,62.0,2.483,87.0,3.458,86.0,3.075
29,El Mohamady,DEF,Aston Villa,4.5,39.0,1024.0,0.038085938,0.0,0.0,41.0,1.716,49.0,1.9869999999999999,46.0,0.858,43.0,1.2209999999999999,43.0,1.64,45.0,1.6880000000000002,47.0,1.171
30,Lansbury,MID,Aston Villa,4.5,12.0,190.0,0.0,0.0,0.0,5.0,0.18,5.0,0.185,6.0,0.19,7.0,0.233,8.0,0.29,7.0,0.253,9.0,0.295
31,Taylor,DEF,Aston Villa,4.5,22.0,1088.0,0.020220588,0.0,0.0,18.0,0.628,20.0,0.66,21.0,0.331,24.0,0.5770000000000001,23.0,0.728,25.0,0.7879999999999999,21.0,0.445
32,Steer,GK,Aston Villa,4.0,1.0,7.0,0.0,0.0,0.0,45.0,1.8869999999999998,44.0,1.79,46.0,1.618,21.0,0.772,13.0,0.521,1.0,0.04,1.0,0.036000000000000004
33,Hourihane,MID,Aston Villa,6.0,83.0,1526.0,0.054390564,0.0,0.0,58.0,2.1919999999999997,55.0,2.187,59.0,1.85,56.0,1.9240000000000002,54.0,2.085,56.0,2.124,54.0,1.804
34,Jota,MID,Aston Villa,6.0,17.0,329.0,0.0,0.0,0.0,17.0,0.7240000000000001,18.0,0.797,16.0,0.5770000000000001,20.0,0.773,20.0,0.862,21.0,0.894,21.0,0.792
35,Nyland,GK,Aston Villa,4.0,15.0,537.0,0.0,0.0,0.0,44.0,1.858,45.0,1.849,43.0,1.524,23.0,0.852,13.0,0.525,0.0,0.0,2.0,0.07200000000000001
36,Engels,DEF,Aston Villa,4.5,42.0,1446.0,0.029045643,0.0,0.0,25.0,0.917,26.0,0.922,23.0,0.381,25.0,0.63,26.0,0.868,28.0,0.929,30.0,0.665
37,Grealish,MID,Aston Villa,7.0,149.0,3233.0,0.046087225,0.0,0.0,82.0,4.025,80.0,4.229,80.0,2.978,77.0,3.25,77.0,3.9619999999999997,77.0,3.8960000000000004,73.0,2.972
38,McGinn,MID,Aston Villa,5.5,84.0,2312.0,0.03633218,0.0,0.0,76.0,2.7689999999999997,74.0,2.7689999999999997,73.0,2.217,73.0,2.412,73.0,2.695,71.0,2.59,70.0,2.271
39,Hause,DEF,Aston Villa,4.5,34.0,1544.0,0.022020725,0.0,0.0,44.0,1.614,42.0,1.492,44.0,0.725,42.0,1.061,46.0,1.537,40.0,1.3319999999999999,42.0,0.935
40,Trézéguet,MID,Aston Villa,5.5,98.0,1936.0,0.050619835,0.0,0.0,56.0,2.695,54.0,2.7439999999999998,54.0,2.053,58.0,2.424,55.0,2.725,54.0,2.63,53.0,2.165
41,Mings,DEF,Aston Villa,5.0,90.0,2902.0,0.031013093999999998,0.0,0.0,77.0,2.798,76.0,2.6519999999999997,77.0,1.168,75.0,1.815,75.0,2.456,73.0,2.376,74.0,1.561
42,Targett,DEF,Aston Villa,4.5,80.0,2291.0,0.034919249,0.0,0.0,77.0,2.9789999999999996,76.0,2.8539999999999996,72.0,1.2209999999999999,73.0,1.915,72.0,2.537,70.0,2.448,74.0,1.706
43,Bree,DEF,Aston Villa,4.5,0.0,0.0,0.0,0.0,0.0,0.0,0.0,0.0,0.0,0.0,0.0,1.0,0.025,0.0,0.0,1.0,0.033,1.0,0.023
44,Nakamba,MID,Aston Villa,4.5,43.0,1826.0,0.02354874,0.0,0.0,29.0,0.93,32.0,1.03,32.0,0.902,34.0,1.004,33.0,1.053,35.0,1.102,38.0,1.09
45,El Ghazi,MID,Aston Villa,6.0,93.0,2046.0,0.045454545,0.0,0.0,39.0,2.161,42.0,2.481,39.0,1.679,38.0,1.821,40.0,2.303,42.0,2.364,43.0,1.9869999999999999
46,Konsa,DEF,Aston Villa,4.5,65.0,2038.0,0.031894014,0.0,0.0,53.0,1.93,52.0,1.828,56.0,0.882,55.0,1.354,53.0,1.7519999999999998,55.0,1.805,55.0,1.185
47,Guilbert,DEF,Aston Villa,4.5,62.0,2038.0,0.030421982,0.0,0.0,29.0,1.001,24.0,0.7929999999999999,23.0,0.341,27.0,0.628,28.0,0.8759999999999999,29.0,0.902,23.0,0.46799999999999997
48,Wesley,FWD,Aston Villa,6.0,67.0,1782.0,0.037598203999999996,0.0,0.0,0.0,0.0,0.0,0.0,0.0,0.0,0.0,0.0,0.0,0.0,0.0,0.0,0.0,0.0
49,Samatta,FWD,Aston Villa,6.0,29.0,940.0,0.0,0.0,0.0,52.0,2.19,53.0,2.349,54.0,1.919,53.0,2.021,49.0,2.161,49.0,2.125,49.0,1.8519999999999999
50,Davis,FWD,Aston Villa,4.5,24.0,534.0,0.0,0.0,0.0,31.0,1.45,31.0,1.537,33.0,1.2930000000000001,30.0,1.27,33.0,1.599,32.0,1.5230000000000001,34.0,1.395
51,Vassilev,FWD,Aston Villa,4.5,4.0,47.0,0.0,0.0,0.0,2.0,0.084,2.0,0.08800000000000001,3.0,0.113,3.0,0.11900000000000001,5.0,0.21600000000000003,4.0,0.171,4.0,0.156
52,Douglas Luiz,MID,Aston Villa,5.0,90.0,2604.0,0.034562212,0.0,0.0,79.0,2.648,77.0,2.659,78.0,2.1590000000000003,75.0,2.272,75.0,2.548,74.0,2.494,74.0,2.189
53,Murray,FWD,Brighton,5.0,36.0,785.0,0.0,19.0,0.9159999999999999,19.0,1.051,20.0,0.9470000000000001,23.0,1.176,22.0,1.194,19.0,1.183,23.0,1.075,21.0,1.244
54,Lallana,MID,Brighton,6.5,27.0,371.0,0.0,42.0,1.547,43.0,1.7730000000000001,41.0,1.501,38.0,1.48,40.0,1.645,40.0,1.817,41.0,1.5030000000000001,40.0,1.786
55,Stephens,MID,Brighton,4.5,63.0,2525.0,0.024950495,73.0,1.952,71.0,2.129,70.0,1.9069999999999998,69.0,1.9809999999999999,66.0,2.004,70.0,2.197,65.0,1.786,69.0,2.178
56,Button,GK,Brighton,4.0,0.0,0.0,0.0,0.0,0.0,0.0,0.0,1.0,0.038,2.0,0.081,2.0,0.08800000000000001,3.0,0.131,2.0,0.076,2.0,0.091
57,Groß,MID,Brighton,6.0,76.0,1791.0,0.042434394,28.0,1.209,26.0,1.304,28.0,1.202,26.0,1.215,30.0,1.4980000000000002,29.0,1.646,31.0,1.3359999999999999,30.0,1.6159999999999999
58,Duffy,DEF,Brighton,4.5,44.0,1232.0,0.035714286,2.0,0.055,2.0,0.083,5.0,0.14300000000000002,2.0,0.07,3.0,0.126,5.0,0.22399999999999998,5.0,0.142,6.0,0.278
59,Pröpper,MID,Brighton,5.0,78.0,2826.0,0.027600849,57.0,1.7690000000000001,59.0,2.028,61.0,1.8730000000000002,60.0,1.95,61.0,2.081,58.0,2.095,58.0,1.7930000000000001,59.0,2.123
60,Mooy,MID,Brighton,5.0,80.0,2079.0,0.038480038,0.0,0.0,0.0,0.0,0.0,0.0,0.0,0.0,0.0,0.0,0.0,0.0,0.0,0.0,0.0,0.0
61,Burn,DEF,Brighton,4.5,86.0,2879.0,0.029871482999999997,77.0,1.8259999999999998,74.0,2.7460000000000004,70.0,1.7930000000000001,71.0,2.249,71.0,2.736,71.0,2.8480000000000003,68.0,1.7209999999999999,70.0,2.9789999999999996
62,Dunk,DEF,Brighton,5.0,128.0,3230.0,0.039628483,86.0,2.141,83.0,3.3369999999999997,83.0,2.195,81.0,2.697,79.0,3.248,79.0,3.475,78.0,2.046,77.0,3.5239999999999996
63,Montoya,DEF,Brighton,4.5,62.0,1892.0,0.032769556,0.0,0.0,0.0,0.0,0.0,0.0,0.0,0.0,0.0,0.0,0.0,0.0,0.0,0.0,0.0,0.0
64,Andone,FWD,Brighton,5.0,5.0,71.0,0.0,3.0,0.14800000000000002,4.0,0.22399999999999998,5.0,0.23600000000000002,5.0,0.254,6.0,0.326,4.0,0.252,6.0,0.28,7.0,0.41600000000000004
65,March,MID,Brighton,5.0,38.0,1139.0,0.033362599,24.0,0.971,25.0,1.1320000000000001,28.0,1.114,27.0,1.138,26.0,1.167,29.0,1.431,29.0,1.149,25.0,1.212
66,Webster,DEF,Brighton,4.5,88.0,2668.0,0.032983507999999995,65.0,1.615,65.0,2.54,65.0,1.729,64.0,2.112,66.0,2.638,62.0,2.59,63.0,1.666,63.0,2.762
67,Veltman,DEF,Brighton,4.5,0.0,0.0,0.0,65.0,1.48,68.0,2.43,65.0,1.6,66.0,2.0340000000000003,65.0,2.392,63.0,2.401,66.0,1.615,63.0,2.537
68,Maupay,FWD,Brighton,6.5,131.0,2763.0,0.047412233,76.0,3.3739999999999997,73.0,3.7560000000000002,71.0,3.077,74.0,3.492,70.0,3.557,73.0,4.308,66.0,2.9010000000000002,67.0,3.815
69,Trossard,MID,Brighton,6.0,104.0,2004.0,0.051896208,59.0,2.324,62.0,2.8089999999999997,59.0,2.3040000000000003,58.0,2.4459999999999997,55.0,2.483,58.0,2.964,55.0,2.1519999999999997,58.0,2.8710000000000004
70,Ryan,GK,Brighton,4.5,135.0,3420.0,0.039473684,90.0,3.322,89.0,3.924,88.0,3.3819999999999997,87.0,3.6010000000000004,87.0,3.884,86.0,3.8280000000000003,87.0,3.343,87.0,4.0089999999999995
71,Jahanbakhsh,MID,Brighton,5.5,28.0,305.0,0.0,12.0,0.48,12.0,0.5329999999999999,12.0,0.47600000000000003,13.0,0.545,14.0,0.619,14.0,0.69,14.0,0.556,17.0,0.8220000000000001
72,Izquierdo,MID,Brighton,5.5,0.0,0.0,0.0,0.0,0.0,0.0,0.0,0.0,0.0,0.0,0.0,0.0,0.0,0.0,0.0,0.0,0.0,0.0,0.0
73,Clarke,DEF,Brighton,4.5,0.0,0.0,0.0,0.0,0.0,0.0,0.0,0.0,0.0,0.0,0.0,0.0,0.0,0.0,0.0,0.0,0.0,0.0,0.0
74,White,DEF,Brighton,4.5,0.0,0.0,0.0,4.0,0.10300000000000001,7.0,0.268,8.0,0.21600000000000003,11.0,0.363,9.0,0.354,11.0,0.45,12.0,0.321,12.0,0.514
75,Bernardo,DEF,Brighton,4.0,21.0,675.0,0.0,2.0,0.055,5.0,0.205,5.0,0.14300000000000002,5.0,0.174,6.0,0.25,7.0,0.308,9.0,0.254,8.0,0.365
76,Bissouma,MID,Brighton,4.5,39.0,1253.0,0.031125299,66.0,1.959,64.0,2.149,63.0,1.893,63.0,2.002,64.0,2.146,64.0,2.2880000000000003,64.0,1.913,61.0,2.1830000000000003
77,Lamptey,DEF,Brighton,4.5,26.0,619.0,0.0,35.0,0.856,37.0,1.409,35.0,0.9179999999999999,33.0,1.073,38.0,1.49,37.0,1.5230000000000001,33.0,0.858,37.0,1.6030000000000002
78,Connolly,FWD,Brighton,5.5,61.0,1250.0,0.0488,45.0,1.9509999999999998,46.0,2.245,45.0,1.9069999999999998,46.0,2.088,44.0,2.119,43.0,2.369,47.0,1.98,43.0,2.2769999999999997
79,Alzate,MID,Brighton,4.5,33.0,1181.0,0.027942422,16.0,0.5489999999999999,14.0,0.537,19.0,0.6629999999999999,21.0,0.754,19.0,0.7040000000000001,19.0,0.775,20.0,0.6970000000000001,20.0,0.7829999999999999
80,Mac Allister,MID,Brighton,5.5,12.0,348.0,0.0,33.0,1.187,31.0,1.238,32.0,1.15,33.0,1.245,33.0,1.3090000000000002,31.0,1.3319999999999999,33.0,1.186,33.0,1.4
81,Tarkowski,DEF,Burnley,5.5,143.0,3420.0,0.041812865,0.0,0.0,81.0,2.2030000000000003,80.0,2.867,82.0,2.984,78.0,2.67,78.0,2.198,75.0,1.7690000000000001,77.0,2.5140000000000002
82,Bardsley,DEF,Burnley,4.5,78.0,1890.0,0.041269841,0.0,0.0,68.0,1.6269999999999998,70.0,2.237,67.0,2.171,63.0,1.9169999999999998,67.0,1.669,65.0,1.335,66.0,1.92
83,Pieters,DEF,Burnley,4.5,77.0,1876.0,0.041044776,0.0,0.0,69.0,1.909,70.0,2.559,66.0,2.436,69.0,2.404,69.0,1.9780000000000002,68.0,1.6340000000000001,67.0,2.221
84,Cork,MID,Burnley,5.0,70.0,2614.0,0.026778883,0.0,0.0,0.0,0.0,0.0,0.0,0.0,0.0,0.0,0.0,0.0,0.0,0.0,0.0,0.0,0.0
85,Long,DEF,Burnley,4.5,21.0,562.0,0.0,0.0,0.0,18.0,0.489,24.0,0.8370000000000001,24.0,0.843,25.0,0.828,27.0,0.755,29.0,0.6859999999999999,29.0,0.9229999999999999
86,Rodriguez,FWD,Burnley,6.0,100.0,2002.0,0.04995005,0.0,0.0,55.0,2.295,55.0,2.65,54.0,2.516,55.0,2.67,56.0,2.396,56.0,2.282,54.0,2.411
87,Barnes,FWD,Burnley,6.0,61.0,1350.0,0.045185185,0.0,0.0,42.0,1.886,46.0,2.274,45.0,2.255,44.0,2.16,46.0,2.0069999999999997,44.0,1.8130000000000002,43.0,1.9280000000000002
88,Mee,DEF,Burnley,5.0,110.0,2880.0,0.038194444,0.0,0.0,79.0,2.126,74.0,2.623,72.0,2.592,74.0,2.505,73.0,2.0380000000000003,71.0,1.659,70.0,2.263
89,Westwood,MID,Burnley,5.5,118.0,3150.0,0.037460317,0.0,0.0,84.0,2.454,83.0,2.707,82.0,2.628,77.0,2.526,79.0,2.385,77.0,2.251,75.0,2.369
90,Gudmundsson,MID,Burnley,5.5,30.0,617.0,0.0,0.0,0.0,19.0,0.7609999999999999,18.0,0.8029999999999999,24.0,1.031,24.0,1.06,24.0,0.9690000000000001,25.0,0.968,29.0,1.208
91,Wood,FWD,Burnley,6.5,136.0,2436.0,0.055829228,0.0,0.0,65.0,2.906,60.0,3.1630000000000003,61.0,3.073,62.0,3.2560000000000002,61.0,2.8110000000000004,57.0,2.517,62.0,3.009
92,Lowton,DEF,Burnley,4.5,48.0,1530.0,0.031372549,0.0,0.0,22.0,0.5870000000000001,19.0,0.653,23.0,0.8029999999999999,28.0,0.922,25.0,0.688,27.0,0.626,25.0,0.789
93,Vydra,FWD,Burnley,5.0,39.0,807.0,0.0,0.0,0.0,11.0,0.527,13.0,0.711,12.0,0.633,12.0,0.6609999999999999,13.0,0.633,16.0,0.743,14.0,0.715
94,Gibson,DEF,Burnley,4.0,0.0,0.0,0.0,0.0,0.0,2.0,0.054000000000000006,3.0,0.102,2.0,0.069,5.0,0.163,5.0,0.138,7.0,0.16399999999999998,6.0,0.188
95,Brady,MID,Burnley,5.0,32.0,445.0,0.0,0.0,0.0,26.0,1.0090000000000001,30.0,1.2830000000000001,32.0,1.331,34.0,1.453,31.0,1.215,32.0,1.203,34.0,1.379
96,Pope,GK,Burnley,5.5,170.0,3420.0,0.049707602000000004,0.0,0.0,89.0,3.4619999999999997,88.0,3.779,88.0,3.7960000000000003,88.0,3.675,86.0,3.366,87.0,3.252,87.0,3.585
97,Taylor,DEF,Burnley,4.5,84.0,1944.0,0.043209877,0.0,0.0,84.0,2.211,83.0,2.8480000000000003,83.0,2.9019999999999997,80.0,2.62,77.0,2.097,77.0,1.7530000000000001,78.0,2.454
98,Brownhill,MID,Burnley,5.0,21.0,805.0,0.0,0.0,0.0,81.0,2.148,80.0,2.299,78.0,2.242,77.0,2.214,76.0,2.063,78.0,2.03,76.0,2.136
99,Peacock-Farrell,GK,Burnley,4.0,0.0,0.0,0.0,0.0,0.0,0.0,0.0,2.0,0.084,1.0,0.042,2.0,0.08199999999999999,3.0,0.11599999999999999,3.0,0.111,3.0,0.121
100,McNeil,MID,Burnley,6.0,123.0,3339.0,0.036837376,0.0,0.0,82.0,2.764,78.0,2.946,78.0,2.888,76.0,2.8760000000000003,78.0,2.699,75.0,2.497,72.0,2.613
101,Caballero,GK,Chelsea,5.0,13.0,450.0,0.0,3.0,0.131,5.0,0.191,3.0,0.136,4.0,0.196,5.0,0.23,4.0,0.157,5.0,0.233,7.0,0.337
102,Azpilicueta,DEF,Chelsea,6.0,130.0,3229.0,0.040260142,80.0,3.695,80.0,2.508,78.0,3.8930000000000002,78.0,4.396,79.0,4.048,75.0,2.497,75.0,3.872,73.0,3.946
103,Giroud,FWD,Chelsea,7.0,68.0,988.0,0.0,12.0,0.782,9.0,0.507,10.0,0.713,12.0,0.8490000000000001,13.0,0.922,11.0,0.612,11.0,0.754,12.0,0.823
104,Alonso,DEF,Chelsea,6.0,100.0,1429.0,0.069979006,63.0,3.185,62.0,2.084,63.0,3.485,63.0,3.906,60.0,3.3930000000000002,64.0,2.253,61.0,3.449,62.0,3.6839999999999997
105,Jorginho,MID,Chelsea,5.0,92.0,2376.0,0.038720539,67.0,2.741,54.0,1.91,51.0,2.311,51.0,2.4,50.0,2.2769999999999997,47.0,1.663,55.0,2.4330000000000003,49.0,2.226
106,Barkley,MID,Chelsea,6.0,61.0,1095.0,0.055707763,30.0,1.575,16.0,0.7290000000000001,16.0,0.972,16.0,0.968,15.0,0.895,18.0,0.7929999999999999,21.0,1.188,18.0,1.045
107,Kovacic,MID,Chelsea,5.5,68.0,2065.0,0.032929782000000005,0.0,0.0,51.0,1.653,51.0,2.005,48.0,1.964,50.0,1.985,49.0,1.5919999999999999,47.0,1.845,47.0,1.875
108,Batshuayi,FWD,Chelsea,6.0,28.0,224.0,0.0,5.0,0.289,2.0,0.10099999999999999,1.0,0.063,2.0,0.127,2.0,0.125,3.0,0.14800000000000002,3.0,0.18,4.0,0.24
109,Rüdiger,DEF,Chelsea,5.0,63.0,1710.0,0.036842105,72.0,3.093,73.0,2.1180000000000003,73.0,3.4160000000000004,68.0,3.6260000000000003,73.0,3.517,70.0,2.164,70.0,3.4,69.0,3.53
110,Zouma,DEF,Chelsea,5.0,62.0,2343.0,0.026461801,75.0,3.142,75.0,2.15,75.0,3.389,75.0,3.8480000000000003,73.0,3.3939999999999997,70.0,2.142,71.0,3.327,71.0,3.4989999999999997
111,Emerson,DEF,Chelsea,5.0,19.0,1022.0,0.018590998,3.0,0.14300000000000002,4.0,0.129,5.0,0.257,7.0,0.4,9.0,0.47600000000000003,8.0,0.281,9.0,0.47200000000000003,11.0,0.602
112,Arrizabalaga,GK,Chelsea,5.0,90.0,2970.0,0.03030303,86.0,3.702,84.0,3.1510000000000002,86.0,3.85,85.0,4.122,84.0,3.8169999999999997,85.0,3.279,84.0,3.864,82.0,3.8939999999999997
113,Kanté,MID,Chelsea,5.0,57.0,1730.0,0.032947977,80.0,2.96,67.0,2.201,67.0,2.719,69.0,2.8930000000000002,67.0,2.7289999999999996,66.0,2.167,61.0,2.464,64.0,2.615
114,Ziyech,MID,Chelsea,8.0,0.0,0.0,0.0,53.0,2.9819999999999998,69.0,3.159,65.0,3.93,67.0,4.102,68.0,4.074,65.0,2.965,64.0,3.7310000000000003,64.0,3.77
115,Loftus-Cheek,MID,Chelsea,6.0,12.0,203.0,0.0,28.0,1.319,15.0,0.624,16.0,0.8079999999999999,13.0,0.6679999999999999,14.0,0.7040000000000001,19.0,0.78,15.0,0.74,14.0,0.6990000000000001
116,Christensen,DEF,Chelsea,5.0,34.0,1751.0,0.019417476,34.0,1.383,32.0,0.9009999999999999,35.0,1.528,38.0,1.8769999999999998,37.0,1.6640000000000001,40.0,1.196,40.0,1.8130000000000002,37.0,1.767
117,Werner,FWD,Chelsea,9.5,0.0,0.0,0.0,76.0,5.0969999999999995,74.0,4.13,71.0,5.268,68.0,5.046,66.0,4.875,71.0,3.872,69.0,4.87,67.0,4.755
118,Abraham,FWD,Chelsea,7.5,153.0,2206.0,0.069356301,12.0,0.794,10.0,0.5760000000000001,11.0,0.789,12.0,0.8690000000000001,13.0,0.937,11.0,0.612,13.0,0.898,14.0,0.973
119,Pulisic,MID,Chelsea,8.5,127.0,1717.0,0.07396622,26.0,1.62,47.0,2.388,62.0,4.119,64.0,4.355,63.0,4.181,60.0,2.97,59.0,3.803,60.0,3.908
120,Mount,MID,Chelsea,7.0,137.0,2865.0,0.047818499,62.0,3.0380000000000003,52.0,2.181,52.0,2.801,49.0,2.7310000000000003,49.0,2.645,48.0,2.002,47.0,2.477,46.0,2.4530000000000003
121,Tomori,DEF,Chelsea,5.0,48.0,1291.0,0.03718048,1.0,0.044000000000000004,2.0,0.062,3.0,0.142,4.0,0.214,4.0,0.195,5.0,0.163,7.0,0.344,8.0,0.413
122,Hudson-Odoi,MID,Chelsea,6.0,53.0,849.0,0.0,43.0,2.384,25.0,1.193,19.0,1.175,19.0,1.19,17.0,1.046,20.0,0.953,22.0,1.3130000000000002,22.0,1.314
123,James,DEF,Chelsea,5.0,61.0,1510.0,0.040397351,68.0,3.543,71.0,2.476,66.0,3.75,65.0,4.135,70.0,4.043,70.0,2.5780000000000003,69.0,4.013999999999999,70.0,4.251
124,Gilmour,MID,Chelsea,4.5,9.0,191.0,0.0,0.0,0.0,0.0,0.0,0.0,0.0,0.0,0.0,0.0,0.0,0.0,0.0,0.0,0.0,6.0,0.24100000000000002
125,Cahill,DEF,Crystal Palace,4.5,70.0,2167.0,0.032302723,0.0,0.0,0.0,0.0,0.0,0.0,0.0,0.0,0.0,0.0,0.0,0.0,0.0,0.0,0.0,0.0
126,Hennessey,GK,Crystal Palace,4.5,7.0,270.0,0.0,0.0,0.0,2.0,0.07200000000000001,1.0,0.042,2.0,0.07200000000000001,3.0,0.13,4.0,0.175,4.0,0.157,5.0,0.215
127,Sakho,DEF,Crystal Palace,4.5,11.0,929.0,0.0,0.0,0.0,0.0,0.0,0.0,0.0,0.0,0.0,0.0,0.0,0.0,0.0,0.0,0.0,0.0,0.0
128,Guaita,GK,Crystal Palace,5.0,137.0,3150.0,0.043492063,90.0,3.716,88.0,3.202,88.0,3.761,88.0,3.1889999999999996,87.0,3.78,87.0,3.826,88.0,3.468,87.0,3.7569999999999997
129,Tomkins,DEF,Crystal Palace,4.5,48.0,1582.0,0.03034134,0.0,0.0,0.0,0.0,0.0,0.0,0.0,0.0,0.0,0.0,0.0,0.0,0.0,0.0,0.0,0.0
130,McArthur,MID,Crystal Palace,5.5,92.0,3091.0,0.02976383,73.0,2.485,72.0,2.082,72.0,2.42,73.0,2.113,70.0,2.439,69.0,2.45,71.0,2.182,70.0,2.437
131,McCarthy,MID,Crystal Palace,4.5,41.0,1668.0,0.024580336,65.0,2.117,65.0,1.8330000000000002,67.0,2.1719999999999997,66.0,1.86,65.0,2.1590000000000003,62.0,2.1180000000000003,65.0,1.935,63.0,2.102
132,Benteke,FWD,Crystal Palace,5.5,42.0,1252.0,0.033546326,43.0,2.166,42.0,1.663,46.0,2.197,45.0,1.785,43.0,2.137,45.0,2.354,44.0,1.808,48.0,2.42
133,Kouyaté,MID,Crystal Palace,5.0,85.0,2524.0,0.033676704,81.0,2.5469999999999997,78.0,2.142,78.0,2.455,75.0,2.086,73.0,2.386,74.0,2.457,73.0,2.15,73.0,2.386
134,Ward,DEF,Crystal Palace,4.5,77.0,2380.0,0.032352941,86.0,2.897,84.0,1.76,81.0,2.85,82.0,1.6769999999999998,82.0,3.043,78.0,2.952,80.0,2.2969999999999997,77.0,2.782
135,Kelly,DEF,Crystal Palace,4.5,64.0,1547.0,0.041370394,77.0,2.589,76.0,1.569,77.0,2.7,76.0,1.527,74.0,2.728,74.0,2.79,75.0,2.131,73.0,2.609
136,Wickham,FWD,Crystal Palace,4.5,15.0,90.0,0.0,29.0,1.551,28.0,1.173,29.0,1.476,27.0,1.156,29.0,1.534,31.0,1.72,34.0,1.484,29.0,1.578
137,Townsend,MID,Crystal Palace,6.0,48.0,1284.0,0.037383177999999996,59.0,2.571,56.0,1.9909999999999999,59.0,2.494,59.0,2.121,56.0,2.475,57.0,2.565,56.0,2.1319999999999997,54.0,2.4
138,Milivojevic,MID,Crystal Palace,6.0,81.0,2510.0,0.032270916000000004,55.0,2.074,57.0,1.7590000000000001,55.0,2.035,55.0,1.7209999999999999,58.0,2.21,58.0,2.278,54.0,1.786,58.0,2.227
139,van Aanholt,DEF,Crystal Palace,5.5,109.0,2507.0,0.043478261,0.0,0.0,0.0,0.0,0.0,0.0,0.0,0.0,0.0,0.0,0.0,0.0,0.0,0.0,0.0,0.0
140,Ayew,FWD,Crystal Palace,6.0,132.0,3148.0,0.041931385,69.0,2.937,66.0,2.2359999999999998,65.0,2.635,64.0,2.217,66.0,2.801,63.0,2.82,65.0,2.326,62.0,2.71
141,Zaha,MID,Crystal Palace,7.0,120.0,3279.0,0.036596523,78.0,3.2539999999999996,79.0,2.6039999999999996,75.0,3.05,77.0,2.5860000000000003,73.0,3.089,76.0,3.361,73.0,2.6239999999999997,73.0,3.1460000000000004
142,Schlupp,MID,Crystal Palace,5.5,51.0,1030.0,0.049514563,49.0,1.9580000000000002,52.0,1.7380000000000002,52.0,2.041,54.0,1.814,55.0,2.217,52.0,2.201,51.0,1.8130000000000002,56.0,2.285
143,Meyer,MID,Crystal Palace,5.0,23.0,645.0,0.0,4.0,0.161,5.0,0.17300000000000001,5.0,0.19699999999999998,7.0,0.248,9.0,0.361,9.0,0.37,9.0,0.331,9.0,0.36700000000000005
144,Riedewald,MID,Crystal Palace,4.5,22.0,761.0,0.0,28.0,0.951,31.0,0.9329999999999999,36.0,1.199,34.0,1.022,36.0,1.224,35.0,1.209,36.0,1.126,38.0,1.287
145,Ferguson,DEF,Crystal Palace,4.0,0.0,0.0,0.0,0.0,0.0,0.0,0.0,0.0,0.0,0.0,0.0,0.0,0.0,0.0,0.0,0.0,0.0,0.0,0.0
146,Mitchell,DEF,Crystal Palace,4.0,4.0,193.0,0.0,78.0,2.494,77.0,1.4869999999999999,74.0,2.472,73.0,1.3730000000000002,76.0,2.6710000000000003,75.0,2.687,76.0,2.0469999999999997,71.0,2.403
147,Pierrick,MID,Crystal Palace,4.5,2.0,13.0,0.0,4.0,0.152,5.0,0.168,6.0,0.225,7.0,0.23600000000000002,8.0,0.307,9.0,0.353,9.0,0.314,12.0,0.46299999999999997
148,Walcott,MID,Everton,6.0,63.0,1281.0,0.049180327999999995,48.0,1.871,42.0,2.077,43.0,1.923,43.0,1.999,44.0,1.6440000000000001,47.0,2.025,43.0,1.9380000000000002,45.0,1.768
149,Delph,MID,Everton,5.0,27.0,1187.0,0.02274642,34.0,0.975,39.0,1.247,39.0,1.202,43.0,1.335,42.0,1.141,40.0,1.19,40.0,1.229,41.0,1.158
150,Sigurdsson,MID,Everton,7.0,95.0,2555.0,0.037181996,58.0,2.474,54.0,3.04,55.0,2.7439999999999998,55.0,2.839,53.0,2.15,53.0,2.559,57.0,2.8810000000000002,56.0,2.371
151,Lössl,GK,Everton,4.5,0.0,0.0,0.0,0.0,0.0,0.0,0.0,1.0,0.046,0.0,0.0,0.0,0.0,1.0,0.043,1.0,0.045,2.0,0.079
152,Coleman,DEF,Everton,5.0,55.0,1833.0,0.030005456,83.0,2.353,79.0,3.628,78.0,3.4160000000000004,77.0,3.387,75.0,1.776,75.0,2.812,76.0,3.264,74.0,2.213
153,Tosun,FWD,Everton,6.0,24.0,462.0,0.0,0.0,0.0,0.0,0.0,0.0,0.0,0.0,0.0,0.0,0.0,0.0,0.0,0.0,0.0,0.0,0.0
154,Bernard,MID,Everton,6.0,72.0,1269.0,0.056737589000000005,27.0,1.047,28.0,1.354,32.0,1.3880000000000001,29.0,1.315,30.0,1.102,33.0,1.379,29.0,1.28,32.0,1.229
155,Digne,DEF,Everton,6.0,120.0,3031.0,0.039590894,86.0,2.6639999999999997,83.0,4.258,82.0,3.95,80.0,3.8939999999999997,81.0,2.094,79.0,3.305,77.0,3.6430000000000002,79.0,2.5789999999999997
156,Keane,DEF,Everton,5.0,90.0,2556.0,0.035211268,78.0,2.187,77.0,3.491,75.0,3.255,73.0,3.181,75.0,1.7519999999999998,73.0,2.687,72.0,3.0669999999999997,71.0,2.102
157,Pickford,GK,Everton,5.0,117.0,3420.0,0.034210526,89.0,3.306,88.0,3.958,88.0,3.969,88.0,3.9410000000000003,88.0,3.2110000000000003,87.0,3.659,86.0,3.815,86.0,3.322
158,André Gomes,MID,Everton,5.5,39.0,1457.0,0.02676733,72.0,1.9380000000000002,70.0,2.247,70.0,2.141,70.0,2.176,68.0,1.785,68.0,2.0180000000000002,67.0,2.063,67.0,1.85
159,Iwobi,MID,Everton,6.0,52.0,1591.0,0.032683847,30.0,1.208,34.0,1.683,35.0,1.571,31.0,1.45,33.0,1.261,33.0,1.452,34.0,1.5390000000000001,33.0,1.314
160,Kenny,DEF,Everton,4.5,0.0,0.0,0.0,3.0,0.086,7.0,0.313,8.0,0.34299999999999997,8.0,0.344,11.0,0.265,10.0,0.37,11.0,0.46399999999999997,13.0,0.38799999999999996
161,Gbamin,MID,Everton,5.0,4.0,135.0,0.0,0.0,0.0,0.0,0.0,0.0,0.0,0.0,0.0,0.0,0.0,0.0,0.0,0.0,0.0,0.0,0.0
162,Mina,DEF,Everton,5.5,78.0,2281.0,0.034195527999999996,31.0,0.893,33.0,1.538,35.0,1.5390000000000001,38.0,1.69,37.0,0.879,37.0,1.3940000000000001,38.0,1.6440000000000001,39.0,1.167
163,Davies,MID,Everton,5.5,59.0,2020.0,0.029207921,59.0,1.761,60.0,2.146,56.0,1.893,57.0,1.973,58.0,1.669,61.0,1.9709999999999999,61.0,2.035,59.0,1.778
164,Calvert-Lewin,FWD,Everton,7.0,126.0,2621.0,0.048073254,79.0,3.343,77.0,4.4030000000000005,75.0,3.728,76.0,3.9989999999999997,71.0,2.886,73.0,3.5839999999999996,69.0,3.497,69.0,2.97
165,Holgate,DEF,Everton,5.0,71.0,2052.0,0.03460039,80.0,2.156,80.0,3.55,79.0,3.363,78.0,3.326,76.0,1.692,77.0,2.742,76.0,3.162,74.0,2.104
166,Richarlison,FWD,Everton,8.0,143.0,3070.0,0.046579805,81.0,3.085,76.0,3.8089999999999997,76.0,3.312,74.0,3.432,75.0,2.736,71.0,3.1069999999999998,74.0,3.285,72.0,2.7739999999999996
167,Virgínia,GK,Everton,4.5,0.0,0.0,0.0,0.0,0.0,0.0,0.0,0.0,0.0,1.0,0.045,1.0,0.037000000000000005,1.0,0.042,1.0,0.045,1.0,0.039
168,Gordon,MID,Everton,4.5,17.0,436.0,0.0,26.0,0.8959999999999999,30.0,1.212,28.0,1.0590000000000002,30.0,1.157,33.0,1.087,29.0,1.067,32.0,1.209,32.0,1.094
169,Kean,FWD,Everton,6.0,53.0,830.0,0.0,12.0,0.581,16.0,0.9840000000000001,16.0,0.872,16.0,0.9279999999999999,19.0,0.852,20.0,1.07,19.0,1.042,21.0,0.9840000000000001
170,Branthwaite,DEF,Everton,4.0,11.0,299.0,0.0,4.0,0.11199999999999999,5.0,0.217,6.0,0.251,9.0,0.37799999999999995,8.0,0.188,10.0,0.36,11.0,0.452,10.0,0.29100000000000004
171,Fabri,GK,Fulham,4.0,0.0,0.0,0.0,0.0,0.0,0.0,0.0,0.0,0.0,0.0,0.0,0.0,0.0,0.0,0.0,0.0,0.0,0.0,0.0
172,McDonald,MID,Fulham,5.0,0.0,0.0,0.0,2.0,0.068,3.0,0.10400000000000001,2.0,0.073,5.0,0.166,6.0,0.20600000000000002,6.0,0.21600000000000003,6.0,0.218,6.0,0.209
173,Le Marchand,DEF,Fulham,4.5,0.0,0.0,0.0,4.0,0.09,8.0,0.20600000000000002,10.0,0.32299999999999995,12.0,0.276,15.0,0.43200000000000005,16.0,0.5529999999999999,13.0,0.413,17.0,0.44299999999999995
174,Johansen,MID,Fulham,5.0,0.0,0.0,0.0,26.0,0.838,28.0,0.93,30.0,1.081,31.0,0.961,28.0,0.9229999999999999,28.0,0.986,34.0,1.206,30.0,1.005
175,Cairney,MID,Fulham,5.5,0.0,0.0,0.0,64.0,2.106,63.0,2.165,63.0,2.383,63.0,2.011,63.0,2.154,61.0,2.249,62.0,2.326,61.0,2.129
176,Ream,DEF,Fulham,4.5,0.0,0.0,0.0,84.0,1.829,82.0,2.0980000000000003,80.0,2.5989999999999998,79.0,1.817,78.0,2.276,76.0,2.667,77.0,2.458,76.0,1.986
177,Knockaert,MID,Fulham,5.5,0.0,0.0,0.0,79.0,2.972,75.0,2.9930000000000003,75.0,3.5239999999999996,72.0,2.588,75.0,2.9530000000000003,70.0,3.1060000000000003,70.0,3.2689999999999997,67.0,2.786
178,Hector,DEF,Fulham,4.5,0.0,0.0,0.0,76.0,1.635,76.0,1.929,74.0,2.414,71.0,1.601,72.0,2.073,71.0,2.4859999999999998,73.0,2.3369999999999997,72.0,1.8719999999999999
179,Christie,DEF,Fulham,4.5,0.0,0.0,0.0,70.0,1.514,68.0,1.739,67.0,2.222,67.0,1.508,64.0,1.85,65.0,2.298,63.0,2.05,62.0,1.631
180,Kebano,MID,Fulham,5.0,0.0,0.0,0.0,17.0,0.762,19.0,0.887,24.0,1.288,20.0,0.8370000000000001,19.0,0.8690000000000001,19.0,0.97,22.0,1.17,26.0,1.229
181,Decordova-Reid,FWD,Fulham,5.5,0.0,0.0,0.0,34.0,1.307,38.0,1.484,38.0,1.6580000000000001,36.0,1.301,39.0,1.479,40.0,1.632,38.0,1.642,41.0,1.6130000000000002
182,Bryan,DEF,Fulham,5.0,0.0,0.0,0.0,87.0,2.17,84.0,2.458,81.0,3.1260000000000003,82.0,2.077,80.0,2.591,78.0,3.1710000000000003,80.0,3.0,77.0,2.3209999999999997
183,Bettinelli,GK,Fulham,4.5,0.0,0.0,0.0,3.0,0.107,5.0,0.19,6.0,0.244,4.0,0.14800000000000002,7.0,0.27899999999999997,6.0,0.255,7.0,0.284,5.0,0.19
184,Mitrović,FWD,Fulham,6.0,0.0,0.0,0.0,79.0,3.4330000000000003,74.0,3.451,75.0,4.123,74.0,2.9360000000000004,71.0,3.161,73.0,3.6710000000000003,69.0,3.7539999999999996,69.0,3.34
185,Mawson,DEF,Fulham,4.5,0.0,0.0,0.0,17.0,0.387,18.0,0.47600000000000003,23.0,0.762,26.0,0.614,25.0,0.741,28.0,0.995,26.0,0.846,26.0,0.6990000000000001
186,Rodák,GK,Fulham,4.5,0.0,0.0,0.0,86.0,3.0660000000000003,84.0,3.188,83.0,3.375,85.0,3.148,82.0,3.262,82.0,3.4739999999999998,81.0,3.2769999999999997,83.0,3.148
187,Cavaleiro,MID,Fulham,5.5,0.0,0.0,0.0,64.0,2.432,61.0,2.443,57.0,2.667,61.0,2.199,62.0,2.443,61.0,2.6639999999999997,59.0,2.707,56.0,2.307
188,Onomah,MID,Fulham,5.0,0.0,0.0,0.0,46.0,1.601,44.0,1.6,44.0,1.7790000000000001,47.0,1.57,44.0,1.585,43.0,1.671,47.0,1.87,44.0,1.624
189,Seri,MID,Fulham,5.0,0.0,0.0,0.0,63.0,2.003,62.0,2.0540000000000003,61.0,2.225,57.0,1.781,58.0,1.923,62.0,2.201,58.0,2.103,58.0,1.9609999999999999
190,Kamara,MID,Fulham,5.0,0.0,0.0,0.0,12.0,0.532,14.0,0.649,13.0,0.708,16.0,0.6559999999999999,15.0,0.6759999999999999,17.0,0.8640000000000001,18.0,0.965,20.0,0.943
191,Anguissa,MID,Fulham,4.5,0.0,0.0,0.0,47.0,1.479,50.0,1.618,49.0,1.704,45.0,1.399,48.0,1.558,50.0,1.715,46.0,1.594,50.0,1.631
192,Sessegnon,DEF,Fulham,4.5,0.0,0.0,0.0,19.0,0.431,21.0,0.556,22.0,0.742,20.0,0.46799999999999997,22.0,0.65,22.0,0.789,24.0,0.795,25.0,0.6759999999999999
193,Hernández,MID,Leeds,6.0,0.0,0.0,0.0,70.0,2.3819999999999997,67.0,3.552,70.0,3.011,66.0,2.36,67.0,2.7960000000000003,66.0,3.155,66.0,2.872,65.0,2.94
194,Casilla,GK,Leeds,4.5,0.0,0.0,0.0,66.0,2.307,65.0,2.948,63.0,2.69,66.0,2.345,64.0,2.642,65.0,2.7289999999999996,64.0,2.6039999999999996,63.0,2.7689999999999997
195,Cooper,DEF,Leeds,4.5,0.0,0.0,0.0,86.0,1.246,83.0,3.5989999999999998,83.0,2.964,82.0,1.208,78.0,2.563,81.0,2.8760000000000003,76.0,2.445,78.0,2.9739999999999998
196,Douglas,DEF,Leeds,4.0,0.0,0.0,0.0,7.0,0.11699999999999999,11.0,0.493,11.0,0.405,11.0,0.183,12.0,0.409,16.0,0.5920000000000001,15.0,0.502,15.0,0.589
197,Ayling,DEF,Leeds,4.5,0.0,0.0,0.0,87.0,1.3840000000000001,85.0,4.046,82.0,3.1489999999999996,82.0,1.3419999999999999,79.0,2.795,78.0,3.0589999999999997,78.0,2.728,78.0,3.228
198,Klich,MID,Leeds,5.5,0.0,0.0,0.0,65.0,1.9469999999999998,63.0,2.722,63.0,2.3080000000000003,64.0,1.983,62.0,2.215,62.0,2.438,64.0,2.342,62.0,2.3409999999999997
199,Forshaw,MID,Leeds,5.0,0.0,0.0,0.0,18.0,0.519,19.0,0.657,19.0,0.611,18.0,0.525,17.0,0.54,17.0,0.56,19.0,0.607,22.0,0.716
200,Dallas,DEF,Leeds,4.5,0.0,0.0,0.0,72.0,1.295,71.0,3.655,73.0,3.029,71.0,1.315,70.0,2.661,71.0,3.025,71.0,2.682,71.0,3.1519999999999997
201,Alioski,DEF,Leeds,4.5,0.0,0.0,0.0,27.0,0.501,31.0,1.6340000000000001,31.0,1.304,35.0,0.6659999999999999,33.0,1.272,32.0,1.396,36.0,1.389,39.0,1.757
202,Bamford,FWD,Leeds,5.5,0.0,0.0,0.0,80.0,2.8810000000000002,76.0,4.27,76.0,3.4360000000000004,74.0,2.835,74.0,3.252,73.0,3.7560000000000002,72.0,3.3689999999999998,70.0,3.321
203,Harrison,MID,Leeds,5.5,0.0,0.0,0.0,79.0,2.44,75.0,3.3569999999999998,75.0,2.847,74.0,2.385,73.0,2.7039999999999997,73.0,2.9819999999999998,71.0,2.714,68.0,2.687
204,Phillips,MID,Leeds,5.0,0.0,0.0,0.0,63.0,1.65,63.0,2.182,61.0,1.896,64.0,1.706,64.0,1.936,62.0,1.9980000000000002,57.0,1.771,57.0,1.8259999999999998
205,Costa,MID,Leeds,5.5,0.0,0.0,0.0,79.0,2.455,76.0,3.5989999999999998,76.0,2.965,74.0,2.416,74.0,2.8089999999999997,73.0,3.1310000000000002,70.0,2.773,71.0,2.8930000000000002
206,Roberts,MID,Leeds,5.0,0.0,0.0,0.0,22.0,0.7929999999999999,26.0,1.348,26.0,1.126,28.0,1.033,30.0,1.255,31.0,1.462,31.0,1.3430000000000002,31.0,1.376
207,Grot,MID,Leeds,5.0,0.0,0.0,0.0,4.0,0.129,5.0,0.196,6.0,0.21600000000000003,8.0,0.262,6.0,0.212,8.0,0.298,7.0,0.251,8.0,0.292
208,Miazek,GK,Leeds,4.0,0.0,0.0,0.0,0.0,0.0,0.0,0.0,0.0,0.0,0.0,0.0,0.0,0.0,0.0,0.0,0.0,0.0,0.0,0.0
209,Poveda-Ocampo,MID,Leeds,4.5,0.0,0.0,0.0,5.0,0.16699999999999998,4.0,0.171,5.0,0.19,6.0,0.205,7.0,0.261,6.0,0.24,9.0,0.34299999999999997,8.0,0.31
210,Shackleton,MID,Leeds,5.0,0.0,0.0,0.0,9.0,0.325,11.0,0.539,8.0,0.336,10.0,0.371,12.0,0.49200000000000005,12.0,0.542,15.0,0.631,12.0,0.517
211,Struijk,DEF,Leeds,4.0,0.0,0.0,0.0,60.0,0.8170000000000001,63.0,2.576,61.0,2.06,59.0,0.81,60.0,1.8769999999999998,63.0,2.105,59.0,1.804,57.0,2.0580000000000003
212,Stevens,MID,Leeds,4.5,0.0,0.0,0.0,4.0,0.13,6.0,0.243,5.0,0.183,7.0,0.231,8.0,0.287,7.0,0.267,7.0,0.256,7.0,0.261
213,Meslier,GK,Leeds,4.5,0.0,0.0,0.0,23.0,0.8029999999999999,24.0,1.087,26.0,1.109,23.0,0.816,25.0,1.031,24.0,1.006,25.0,1.016,26.0,1.141
214,Davis,DEF,Leeds,4.0,0.0,0.0,0.0,42.0,0.635,40.0,1.702,44.0,1.5630000000000002,41.0,0.624,44.0,1.4380000000000002,39.0,1.364,44.0,1.4069999999999998,49.0,1.8419999999999999
215,Casey,DEF,Leeds,4.0,0.0,0.0,0.0,6.0,0.09699999999999999,9.0,0.379,8.0,0.28300000000000003,8.0,0.128,12.0,0.391,12.0,0.418,12.0,0.384,11.0,0.41100000000000003
216,Morgan,DEF,Leicester,4.5,19.0,430.0,0.0,65.0,2.716,85.0,4.293,85.0,1.376,64.0,2.965,58.0,2.8689999999999998,57.0,1.817,51.0,2.076,52.0,2.131
217,Schmeichel,GK,Leicester,5.5,156.0,3420.0,0.045614035,89.0,3.7260000000000004,89.0,4.154,88.0,3.095,87.0,3.852,88.0,3.9930000000000003,86.0,3.3369999999999997,86.0,3.665,88.0,3.77
218,Fuchs,DEF,Leicester,4.5,26.0,770.0,0.0,0.0,0.0,0.0,0.0,0.0,0.0,0.0,0.0,0.0,0.0,22.0,0.6779999999999999,34.0,1.331,46.0,1.818
219,Evans,DEF,Leicester,5.5,128.0,3384.0,0.037825059,0.0,0.0,0.0,0.0,0.0,0.0,82.0,3.6630000000000003,80.0,3.833,80.0,2.45,79.0,3.0869999999999997,78.0,3.082
220,Silva,MID,Leicester,4.5,0.0,0.0,0.0,4.0,0.15,3.0,0.11599999999999999,3.0,0.094,3.0,0.115,1.0,0.04,2.0,0.068,2.0,0.07200000000000001,2.0,0.071
221,Albrighton,MID,Leicester,5.5,38.0,857.0,0.0,29.0,1.33,29.0,1.4040000000000001,28.0,0.978,25.0,1.207,25.0,1.2670000000000001,25.0,1.004,25.0,1.103,25.0,1.05
222,James,MID,Leicester,4.5,1.0,5.0,0.0,4.0,0.155,3.0,0.12,5.0,0.163,1.0,0.04,2.0,0.08199999999999999,1.0,0.035,2.0,0.075,1.0,0.037000000000000005
223,Ward,GK,Leicester,4.5,0.0,0.0,0.0,2.0,0.083,2.0,0.09300000000000001,4.0,0.141,2.0,0.08800000000000001,1.0,0.045,3.0,0.11599999999999999,3.0,0.128,1.0,0.043
224,Vardy,FWD,Leicester,10.0,210.0,3032.0,0.069261214,83.0,5.169,82.0,5.257000000000001,79.0,3.3280000000000003,79.0,5.166,78.0,5.402,76.0,3.883,76.0,4.462,74.0,4.018
225,Praet,MID,Leicester,5.5,54.0,1122.0,0.048128342000000005,19.0,0.778,15.0,0.6679999999999999,13.0,0.439,13.0,0.563,15.0,0.674,14.0,0.53,14.0,0.5710000000000001,15.0,0.586
226,Pereira,DEF,Leicester,6.0,123.0,2520.0,0.04880952400000001,0.0,0.0,0.0,0.0,0.0,0.0,36.0,1.694,54.0,2.7289999999999996,71.0,2.281,69.0,2.847,71.0,2.946
227,Amartey,DEF,Leicester,4.0,0.0,0.0,0.0,0.0,0.0,0.0,0.0,0.0,0.0,0.0,0.0,0.0,0.0,0.0,0.0,0.0,0.0,0.0,0.0
228,Tielemans,MID,Leicester,6.5,117.0,2823.0,0.041445271,73.0,2.967,65.0,2.8089999999999997,60.0,1.9080000000000001,62.0,2.714,62.0,2.825,59.0,2.109,63.0,2.501,59.0,2.27
229,Pérez,MID,Leicester,6.5,129.0,1998.0,0.064564565,52.0,2.99,46.0,2.802,49.0,1.989,49.0,3.016,48.0,3.11,47.0,2.282,46.0,2.553,47.0,2.49
230,Gray,MID,Leicester,5.5,44.0,605.0,0.0,9.0,0.493,9.0,0.511,10.0,0.406,7.0,0.4,7.0,0.419,8.0,0.375,7.0,0.36700000000000005,8.0,0.397
231,Maddison,MID,Leicester,7.0,125.0,2624.0,0.047637195,37.0,1.849,59.0,3.03,79.0,2.628,78.0,3.9339999999999997,74.0,3.9219999999999997,76.0,3.0660000000000003,75.0,3.451,74.0,3.214
232,Chilwell,DEF,Chelsea,5.5,114.0,2374.0,0.048020219,0.0,0.0,0.0,0.0,0.0,0.0,0.0,0.0,0.0,0.0,0.0,0.0,0.0,0.0,0.0,0.0
233,Iheanacho,FWD,Leicester,6.0,64.0,953.0,0.0,35.0,2.082,38.0,2.315,40.0,1.716,34.0,2.1,38.0,2.457,36.0,1.815,39.0,2.191,37.0,1.9469999999999998
234,Choudhury,MID,Leicester,5.0,35.0,883.0,0.0,16.0,0.575,12.0,0.46,11.0,0.34,11.0,0.418,9.0,0.353,11.0,0.369,11.0,0.389,14.0,0.491
235,Barnes,MID,Leicester,7.0,133.0,2075.0,0.06409638599999999,56.0,3.2039999999999997,54.0,3.2680000000000002,49.0,1.989,49.0,2.952,51.0,3.23,52.0,2.478,52.0,2.819,50.0,2.565
236,Ndidi,MID,Leicester,5.0,85.0,2671.0,0.031823287,80.0,2.5340000000000003,76.0,2.625,72.0,1.883,69.0,2.364,70.0,2.4730000000000003,69.0,2.036,66.0,2.117,68.0,2.1430000000000002
237,Benkovic,DEF,Leicester,4.5,0.0,0.0,0.0,69.0,2.613,64.0,2.9619999999999997,62.0,0.948,31.0,1.315,31.0,1.401,19.0,0.5670000000000001,17.0,0.631,15.0,0.5660000000000001
238,Söyüncü,DEF,Leicester,5.5,120.0,3036.0,0.039525692,88.0,3.321,86.0,3.9760000000000004,84.0,1.208,83.0,3.4939999999999998,81.0,3.647,80.0,2.306,78.0,2.853,77.0,2.864
239,Justin,DEF,Leicester,4.5,35.0,1010.0,0.034653465,87.0,3.3480000000000003,84.0,3.832,83.0,1.2690000000000001,72.0,3.127,70.0,3.237,63.0,1.9,61.0,2.2430000000000003,57.0,2.207
240,Thomas,DEF,Leicester,4.5,15.0,267.0,0.0,71.0,2.7769999999999997,65.0,3.0589999999999997,62.0,0.982,34.0,1.469,29.0,1.3330000000000002,17.0,0.521,17.0,0.6459999999999999,14.0,0.539
241,Milner,MID,Liverpool,5.5,49.0,924.0,0.0,20.0,1.069,19.0,0.8270000000000001,21.0,1.056,22.0,1.193,19.0,0.9259999999999999,24.0,1.268,24.0,1.335,24.0,0.9520000000000001
242,Tsimikas,DEF,Liverpool,5.0,0.0,0.0,0.0,5.0,0.273,7.0,0.27399999999999997,8.0,0.389,11.0,0.606,12.0,0.604,14.0,0.8059999999999999,11.0,0.621,13.0,0.37200000000000005
243,Wijnaldum,MID,Liverpool,5.5,107.0,2933.0,0.036481418,62.0,2.546,56.0,1.933,56.0,2.14,52.0,2.1590000000000003,55.0,2.11,53.0,2.18,53.0,2.237,52.0,1.672
244,Henderson,MID,Liverpool,5.5,116.0,2234.0,0.051924799,76.0,3.177,74.0,2.503,75.0,2.862,74.0,3.115,72.0,2.773,70.0,2.938,70.0,3.03,67.0,2.101
245,Adrián,GK,Liverpool,4.5,27.0,873.0,0.0,0.0,0.0,1.0,0.04,2.0,0.08800000000000001,2.0,0.09300000000000001,1.0,0.045,3.0,0.14800000000000002,4.0,0.18899999999999997,3.0,0.10800000000000001
246,Matip,DEF,Liverpool,5.5,39.0,703.0,0.0,4.0,0.193,6.0,0.20600000000000002,8.0,0.345,6.0,0.29,8.0,0.36,10.0,0.514,8.0,0.395,12.0,0.292
247,Shaqiri,MID,Liverpool,6.5,15.0,181.0,0.0,2.0,0.138,3.0,0.166,3.0,0.192,3.0,0.217,4.0,0.25,4.0,0.27399999999999997,3.0,0.222,5.0,0.252
248,Chamberlain,MID,Liverpool,6.5,76.0,1475.0,0.05152542400000001,1.0,0.054000000000000006,16.0,0.7,22.0,1.121,24.0,1.347,23.0,1.155,24.0,1.294,25.0,1.4340000000000002,27.0,1.107
249,Firmino,FWD,Liverpool,9.5,155.0,2985.0,0.051926297999999996,71.0,4.974,64.0,3.48,68.0,4.245,65.0,4.659,64.0,3.92,64.0,4.287,64.0,4.705,64.0,3.177
250,van Dijk,DEF,Liverpool,6.5,178.0,3420.0,0.052046784000000006,81.0,4.343999999999999,81.0,2.987,74.0,3.5069999999999997,77.0,4.148,75.0,3.6919999999999997,78.0,4.428,73.0,4.044,75.0,1.939
251,Mané,MID,Liverpool,12.0,221.0,2745.0,0.080510018,80.0,6.152,76.0,4.3180000000000005,74.0,5.026,73.0,5.707999999999999,73.0,4.855,72.0,5.343,70.0,5.646,68.0,3.443
252,Alisson,GK,Liverpool,6.0,122.0,2543.0,0.047974833,89.0,4.303999999999999,88.0,3.6710000000000003,87.0,3.983,87.0,4.218999999999999,88.0,4.157,86.0,4.386,85.0,4.165,86.0,3.234
253,Fabinho,MID,Liverpool,5.5,77.0,2073.0,0.037144235,61.0,2.1630000000000003,63.0,1.8419999999999999,61.0,2.003,58.0,2.049,60.0,1.973,56.0,2.005,56.0,2.028,58.0,1.565
254,Salah,MID,Liverpool,12.0,233.0,2879.0,0.080930879,78.0,6.822,76.0,4.886,71.0,5.485,73.0,6.47,72.0,5.4110000000000005,71.0,5.9479999999999995,70.0,6.399,69.0,3.907
255,Robertson,DEF,Liverpool,7.0,181.0,3111.0,0.058180649,84.0,5.14,82.0,3.429,81.0,4.33,79.0,4.84,77.0,4.2589999999999995,75.0,4.795,76.0,4.792,75.0,2.2159999999999997
256,Origi,FWD,Liverpool,5.5,65.0,699.0,0.0,16.0,1.043,20.0,1.047,19.0,1.121,21.0,1.3559999999999999,21.0,1.197,23.0,1.3880000000000001,21.0,1.3780000000000001,22.0,1.081
257,Harry Wilson,MID,Liverpool,5.5,91.0,1637.0,0.055589493,12.0,0.8059999999999999,14.0,0.7340000000000001,14.0,0.846,12.0,0.818,12.0,0.7090000000000001,15.0,0.9670000000000001,16.0,1.115,16.0,0.765
258,Minamino,MID,Liverpool,6.5,11.0,241.0,0.0,7.0,0.48700000000000004,6.0,0.326,7.0,0.43700000000000006,9.0,0.631,8.0,0.488,7.0,0.466,11.0,0.789,10.0,0.491
259,Alexander-Arnold,DEF,Liverpool,7.5,210.0,3173.0,0.06618342299999999,87.0,5.544,83.0,3.563,81.0,4.492,80.0,5.112,81.0,4.613,79.0,5.216,81.0,5.3420000000000005,77.0,2.3369999999999997
260,Gomez,DEF,Liverpool,5.5,93.0,1999.0,0.046523262,48.0,2.221,53.0,1.706,52.0,2.1390000000000002,51.0,2.363,53.0,2.295,51.0,2.542,52.0,2.475,54.0,1.203
261,Keita,MID,Liverpool,5.5,52.0,806.0,0.0,45.0,2.224,42.0,1.669,41.0,1.858,42.0,2.101,45.0,2.049,46.0,2.274,45.0,2.331,47.0,1.695
262,Brewster,FWD,Liverpool,4.5,0.0,0.0,0.0,0.0,0.0,2.0,0.122,2.0,0.139,3.0,0.23399999999999999,3.0,0.203,2.0,0.147,3.0,0.239,2.0,0.113
263,Jones,MID,Liverpool,4.5,13.0,121.0,0.0,3.0,0.16699999999999998,2.0,0.09,3.0,0.153,3.0,0.168,3.0,0.151,3.0,0.162,4.0,0.22899999999999998,5.0,0.209
264,Williams,DEF,Liverpool,4.0,14.0,228.0,0.0,47.0,2.346,44.0,1.541,50.0,2.219,51.0,2.555,49.0,2.271,48.0,2.555,52.0,2.677,47.0,1.161
265,Elliott,MID,Liverpool,4.5,2.0,7.0,0.0,0.0,0.0,0.0,0.0,0.0,0.0,0.0,0.0,0.0,0.0,0.0,0.0,0.0,0.0,0.0,0.0
266,Fernandinho,DEF,Man City,5.5,76.0,2394.0,0.031746032,0.0,0.0,35.0,1.518,36.0,1.7009999999999998,35.0,1.642,34.0,1.505,34.0,1.6219999999999999,36.0,1.7830000000000001,37.0,1.227
267,Bravo,GK,Man City,4.5,11.0,346.0,0.0,0.0,0.0,0.0,0.0,0.0,0.0,0.0,0.0,0.0,0.0,0.0,0.0,0.0,0.0,0.0,0.0
268,Agüero,FWD,Man City,10.5,132.0,1449.0,0.091097308,0.0,0.0,51.0,3.563,51.0,4.13,52.0,4.275,51.0,4.012,51.0,4.346,47.0,3.677,51.0,3.405
269,Otamendi,DEF,Man City,5.0,82.0,1710.0,0.04795321599999999,0.0,0.0,17.0,0.76,17.0,0.833,21.0,1.025,22.0,1.016,21.0,1.042,20.0,1.015,21.0,0.723
270,Walker,DEF,Man City,6.0,114.0,2392.0,0.047658862999999996,0.0,0.0,75.0,3.391,75.0,3.685,73.0,3.565,72.0,3.318,71.0,3.52,74.0,3.8080000000000003,71.0,2.468
271,Gündogan,MID,Man City,5.5,65.0,2012.0,0.032306163,0.0,0.0,41.0,1.73,43.0,2.005,43.0,2.01,48.0,2.162,43.0,2.066,47.0,2.174,45.0,1.7690000000000001
272,De Bruyne,MID,Man City,11.5,251.0,2790.0,0.089964158,0.0,0.0,77.0,4.631,74.0,5.336,75.0,5.212999999999999,73.0,5.103,74.0,5.559,73.0,5.127999999999999,70.0,4.039
273,Stones,DEF,Man City,5.0,34.0,1118.0,0.030411449,0.0,0.0,23.0,1.018,18.0,0.857,21.0,0.997,23.0,1.036,19.0,0.907,21.0,1.044,21.0,0.731
274,Mendy,DEF,Man City,6.0,74.0,1491.0,0.04963112,0.0,0.0,41.0,1.902,39.0,1.9680000000000002,37.0,1.858,38.0,1.808,38.0,1.936,41.0,2.167,39.0,1.391
275,Mahrez,MID,Man City,8.5,175.0,1934.0,0.090486039,0.0,0.0,47.0,3.199,49.0,3.888,46.0,3.6910000000000003,47.0,3.549,48.0,3.99,46.0,3.5010000000000003,43.0,2.765
276,Sterling,MID,Man City,11.5,204.0,2651.0,0.076952094,0.0,0.0,76.0,4.959,74.0,5.597,73.0,5.5729999999999995,74.0,5.44,73.0,5.79,72.0,5.29,72.0,4.379
277,Cancelo,DEF,Man City,5.5,45.0,1205.0,0.037344398,0.0,0.0,42.0,1.882,41.0,2.013,45.0,2.195,45.0,2.07,44.0,2.181,42.0,2.1519999999999997,43.0,1.479
278,Ederson,GK,Man City,6.0,133.0,3071.0,0.043308369000000006,0.0,0.0,88.0,4.013,89.0,4.16,86.0,4.008,87.0,3.927,86.0,4.01,87.0,4.235,86.0,3.475
279,Aké,DEF,Man City,5.5,79.0,2503.0,0.031562125,0.0,0.0,21.0,1.1159999999999999,18.0,1.044,18.0,1.045,21.0,1.157,23.0,1.36,21.0,1.261,22.0,0.927
280,Laporte,DEF,Man City,6.0,63.0,1096.0,0.057481752000000004,0.0,0.0,70.0,3.215,73.0,3.7060000000000004,72.0,3.638,68.0,3.199,68.0,3.486,67.0,3.5660000000000003,67.0,2.388
281,Bernardo Silva,MID,Man City,7.5,116.0,2021.0,0.057397328,0.0,0.0,53.0,2.8139999999999996,53.0,3.18,54.0,3.2489999999999997,52.0,3.029,51.0,3.181,54.0,3.145,51.0,2.528
282,Jesus,FWD,Man City,9.5,146.0,2018.0,0.07234886,0.0,0.0,39.0,2.56,38.0,2.886,39.0,2.9939999999999998,41.0,3.042,39.0,3.1,43.0,3.012,37.0,2.332
283,Zinchenko,DEF,Man City,5.5,49.0,1271.0,0.038552321,0.0,0.0,18.0,0.846,22.0,1.123,20.0,1.0170000000000001,20.0,0.963,22.0,1.135,19.0,1.011,23.0,0.852
284,Foden,MID,Man City,6.5,69.0,888.0,0.0,0.0,0.0,32.0,1.845,34.0,2.207,33.0,2.166,35.0,2.202,35.0,2.36,35.0,2.115,39.0,2.015
285,Doyle,MID,Man City,4.5,1.0,15.0,0.0,0.0,0.0,0.0,0.0,1.0,0.055999999999999994,1.0,0.055999999999999994,1.0,0.054000000000000006,3.0,0.17300000000000001,1.0,0.054000000000000006,1.0,0.048
286,Rodrigo,MID,Man City,5.5,92.0,2480.0,0.037096774,0.0,0.0,74.0,2.488,74.0,2.6430000000000002,74.0,2.6719999999999997,69.0,2.426,69.0,2.539,68.0,2.471,70.0,2.209
287,Torres,MID,Man City,7.0,0.0,0.0,0.0,0.0,0.0,20.0,1.097,20.0,1.2409999999999999,22.0,1.3769999999999998,20.0,1.205,26.0,1.6740000000000002,21.0,1.26,28.0,1.4369999999999998
288,Garcia,DEF,Man City,5.0,38.0,790.0,0.0,0.0,0.0,37.0,1.656,37.0,1.7819999999999998,36.0,1.725,35.0,1.585,36.0,1.745,38.0,1.921,39.0,1.3519999999999999
289,Romero,GK,Man Utd,5.0,0.0,0.0,0.0,0.0,0.0,0.0,0.0,0.0,0.0,0.0,0.0,0.0,0.0,0.0,0.0,0.0,0.0,0.0,0.0
290,Mata,MID,Man Utd,6.0,38.0,747.0,0.0,0.0,0.0,9.0,0.523,13.0,0.698,11.0,0.5820000000000001,10.0,0.555,14.0,0.693,11.0,0.591,15.0,0.79
291,de Gea,GK,Man Utd,5.5,143.0,3420.0,0.041812865,0.0,0.0,81.0,4.042,80.0,3.662,80.0,3.4939999999999998,81.0,3.844,77.0,3.1910000000000003,80.0,3.486,79.0,3.556
292,Smalling,DEF,Man Utd,5.0,0.0,0.0,0.0,0.0,0.0,3.0,0.156,6.0,0.271,7.0,0.292,9.0,0.436,8.0,0.297,8.0,0.33299999999999996,8.0,0.35
293,Ighalo,FWD,Man Utd,6.5,11.0,92.0,0.0,0.0,0.0,10.0,0.735,12.0,0.812,12.0,0.784,11.0,0.769,14.0,0.872,13.0,0.865,12.0,0.779
294,Rojo,DEF,Man Utd,5.0,3.0,121.0,0.0,0.0,0.0,1.0,0.05,0.0,0.0,1.0,0.039,1.0,0.046,2.0,0.069,2.0,0.079,3.0,0.12300000000000001
295,Matic,MID,Man Utd,5.0,55.0,1578.0,0.034854246,0.0,0.0,67.0,2.376,67.0,2.202,65.0,2.057,64.0,2.1719999999999997,65.0,1.976,62.0,1.986,62.0,1.99
296,Pogba,MID,Man Utd,8.0,51.0,1202.0,0.042429285,0.0,0.0,50.0,2.73,49.0,2.447,48.0,2.295,56.0,2.886,50.0,2.271,52.0,2.532,50.0,2.397
297,Jones,DEF,Man Utd,5.0,2.0,135.0,0.0,0.0,0.0,1.0,0.053,1.0,0.046,1.0,0.042,1.0,0.049,2.0,0.075,2.0,0.084,2.0,0.08800000000000001
298,Maguire,DEF,Man Utd,5.5,123.0,3420.0,0.035964912,0.0,0.0,83.0,4.613,82.0,3.909,81.0,3.495,81.0,4.124,79.0,3.0010000000000003,79.0,3.425,78.0,3.56
299,Fred,MID,Man Utd,5.5,50.0,2157.0,0.023180343,0.0,0.0,33.0,1.386,35.0,1.3559999999999999,39.0,1.449,33.0,1.325,36.0,1.287,38.0,1.433,38.0,1.421
300,Shaw,DEF,Man Utd,5.0,67.0,1730.0,0.038728324,0.0,0.0,75.0,4.09,77.0,3.5780000000000003,75.0,3.14,75.0,3.736,75.0,2.745,72.0,3.03,71.0,3.13
301,Lingard,MID,Man Utd,6.0,32.0,923.0,0.0,0.0,0.0,8.0,0.456,8.0,0.415,10.0,0.5,8.0,0.43200000000000005,10.0,0.479,10.0,0.511,10.0,0.498
302,Fernandes,MID,Man Utd,10.5,117.0,1187.0,0.098567818,0.0,0.0,76.0,5.898,73.0,5.0969999999999995,73.0,4.845,73.0,5.317,70.0,4.3580000000000005,69.0,4.697,70.0,4.655
303,Martial,FWD,Man Utd,9.0,169.0,2625.0,0.064380952,0.0,0.0,76.0,4.901,73.0,4.329,73.0,4.172,72.0,4.431,70.0,3.833,70.0,4.12,71.0,4.048
304,Pereira,MID,Man Utd,5.0,60.0,1478.0,0.040595399,0.0,0.0,5.0,0.261,6.0,0.308,6.0,0.289,6.0,0.317,7.0,0.32299999999999995,7.0,0.349,7.0,0.342
305,Henderson,GK,Man Utd,5.5,160.0,3240.0,0.04938271599999999,0.0,0.0,8.0,0.40299999999999997,9.0,0.41700000000000004,9.0,0.39799999999999996,8.0,0.384,12.0,0.503,9.0,0.396,10.0,0.456
306,Rashford,MID,Man Utd,9.5,203.0,2645.0,0.076748582,0.0,0.0,80.0,5.542999999999999,78.0,4.902,77.0,4.629,76.0,5.001,73.0,4.14,75.0,4.645,71.0,4.306
307,Tuanzebe,DEF,Man Utd,4.5,7.0,187.0,0.0,0.0,0.0,0.0,0.0,0.0,0.0,0.0,0.0,0.0,0.0,0.0,0.0,0.0,0.0,0.0,0.0
308,Lindelöf,DEF,Man Utd,5.0,116.0,3092.0,0.037516171,0.0,0.0,77.0,3.9339999999999997,76.0,3.321,74.0,2.9360000000000004,72.0,3.363,74.0,2.576,72.0,2.8680000000000003,71.0,2.983
309,McTominay,MID,Man Utd,5.0,74.0,1765.0,0.041926346,0.0,0.0,33.0,1.48,34.0,1.401,33.0,1.3119999999999998,34.0,1.4469999999999998,34.0,1.2819999999999998,34.0,1.3619999999999999,36.0,1.436
310,Bailly,DEF,Man Utd,5.0,9.0,148.0,0.0,0.0,0.0,18.0,0.9570000000000001,15.0,0.677,19.0,0.782,18.0,0.8740000000000001,19.0,0.69,19.0,0.7879999999999999,24.0,1.043
311,James,MID,Man Utd,6.5,95.0,2281.0,0.0416484,0.0,0.0,19.0,1.044,20.0,1.014,21.0,1.022,22.0,1.151,26.0,1.203,23.0,1.135,25.0,1.216
312,Fosu-Mensah,DEF,Man Utd,4.5,7.0,136.0,0.0,0.0,0.0,0.0,0.0,0.0,0.0,0.0,0.0,0.0,0.0,0.0,0.0,0.0,0.0,1.0,0.044000000000000004
313,Wan-Bissaka,DEF,Man Utd,5.5,127.0,3070.0,0.041368077999999996,0.0,0.0,83.0,4.5,85.0,3.949,82.0,3.452,81.0,4.027,80.0,2.9560000000000004,81.0,3.4139999999999997,78.0,3.458
314,Dalot,DEF,Man Utd,5.0,4.0,65.0,0.0,0.0,0.0,2.0,0.11599999999999999,1.0,0.05,3.0,0.139,3.0,0.16,4.0,0.165,4.0,0.18600000000000003,6.0,0.29100000000000004
315,Greenwood,MID,Man Utd,7.5,119.0,1303.0,0.091327705,0.0,0.0,64.0,3.8289999999999997,63.0,3.444,64.0,3.375,64.0,3.645,60.0,3.0069999999999997,63.0,3.3569999999999998,60.0,3.1889999999999996
316,Chong,MID,Man Utd,4.5,3.0,34.0,0.0,0.0,0.0,0.0,0.0,0.0,0.0,0.0,0.0,0.0,0.0,0.0,0.0,0.0,0.0,0.0,0.0
317,Garner,MID,Man Utd,4.5,1.0,8.0,0.0,0.0,0.0,0.0,0.0,1.0,0.042,0.0,0.0,1.0,0.043,1.0,0.039,2.0,0.081,2.0,0.081
318,Williams,DEF,Man Utd,4.5,51.0,1003.0,0.050847458,0.0,0.0,12.0,0.8009999999999999,11.0,0.64,12.0,0.621,12.0,0.748,11.0,0.506,14.0,0.735,14.0,0.755
319,Mengi,DEF,Man Utd,4.0,0.0,0.0,0.0,0.0,0.0,0.0,0.0,0.0,0.0,0.0,0.0,0.0,0.0,0.0,0.0,1.0,0.042,0.0,0.0
320,Carroll,FWD,Newcastle,5.5,34.0,617.0,0.0,41.0,1.9669999999999999,31.0,1.5490000000000002,32.0,1.337,22.0,1.1520000000000001,27.0,1.1320000000000001,26.0,1.095,26.0,1.262,27.0,1.263
321,Shelvey,MID,Newcastle,5.5,105.0,2118.0,0.049575071,75.0,2.636,75.0,2.772,72.0,2.3040000000000003,68.0,2.657,70.0,2.248,69.0,2.2430000000000003,69.0,2.524,72.0,2.509
322,Ritchie,MID,Newcastle,5.0,54.0,1312.0,0.041158537,70.0,2.7889999999999997,70.0,2.937,69.0,2.414,69.0,3.0839999999999996,67.0,2.369,64.0,2.336,65.0,2.66,66.0,2.623
323,Fernández,DEF,Newcastle,5.0,102.0,2617.0,0.038975927,79.0,2.371,78.0,2.842,79.0,1.855,74.0,3.045,72.0,1.714,71.0,1.953,73.0,2.52,73.0,2.235
324,Clark,DEF,Newcastle,4.5,49.0,1186.0,0.041315346,50.0,1.597,45.0,1.7619999999999998,38.0,0.963,41.0,1.795,44.0,1.122,46.0,1.3419999999999999,45.0,1.659,42.0,1.3769999999999998
325,Darlow,GK,Newcastle,5.0,0.0,0.0,0.0,90.0,3.4530000000000003,89.0,3.7739999999999996,88.0,3.262,88.0,3.9130000000000003,87.0,3.2230000000000003,87.0,3.364,87.0,3.623,86.0,3.418
326,Dubravka,GK,Newcastle,5.0,143.0,3420.0,0.041812865,0.0,0.0,0.0,0.0,0.0,0.0,0.0,0.0,0.0,0.0,0.0,0.0,0.0,0.0,0.0,0.0
327,Lejeune,DEF,Newcastle,4.5,24.0,440.0,0.0,1.0,0.033,2.0,0.077,2.0,0.052000000000000005,3.0,0.128,3.0,0.078,4.0,0.11699999999999999,4.0,0.145,3.0,0.098
328,Lascelles,DEF,Newcastle,4.5,73.0,2076.0,0.035163776,69.0,1.995,65.0,2.291,65.0,1.485,65.0,2.5669999999999997,65.0,1.5,63.0,1.6880000000000002,65.0,2.1719999999999997,64.0,1.8969999999999998
329,Gayle,FWD,Newcastle,6.0,58.0,842.0,0.0,5.0,0.327,28.0,1.808,42.0,2.115,56.0,3.6310000000000002,56.0,2.73,54.0,2.655,55.0,3.2489999999999997,57.0,3.242
330,Atsu,MID,Newcastle,5.5,37.0,738.0,0.0,11.0,0.447,10.0,0.408,9.0,0.327,8.0,0.34700000000000003,10.0,0.363,12.0,0.447,12.0,0.479,13.0,0.515
331,Dummett,DEF,Newcastle,4.5,44.0,1227.0,0.035859821,46.0,1.3630000000000002,38.0,1.369,43.0,1.03,41.0,1.6680000000000001,43.0,1.042,45.0,1.263,43.0,1.483,44.0,1.3430000000000002
332,Manquillo,DEF,Newcastle,4.5,65.0,1597.0,0.040701315,64.0,1.91,62.0,2.247,60.0,1.429,62.0,2.522,57.0,1.3719999999999999,58.0,1.61,58.0,1.999,55.0,1.689
333,Krafth,DEF,Newcastle,4.5,37.0,1015.0,0.036453202000000004,33.0,1.114,30.0,1.228,29.0,0.778,29.0,1.304,33.0,0.888,33.0,1.013,30.0,1.15,35.0,1.197
334,Schär,DEF,Newcastle,5.0,55.0,1669.0,0.032953865,5.0,0.158,26.0,0.988,38.0,0.929,38.0,1.621,37.0,0.9159999999999999,40.0,1.129,39.0,1.399,41.0,1.3219999999999998
335,Yedlin,DEF,Newcastle,4.5,26.0,934.0,0.0,16.0,0.496,18.0,0.6659999999999999,22.0,0.539,21.0,0.862,20.0,0.496,21.0,0.593,21.0,0.735,22.0,0.688
336,Hayden,MID,Newcastle,5.0,73.0,2220.0,0.032882882999999995,74.0,2.237,71.0,2.247,66.0,1.839,68.0,2.255,64.0,1.7990000000000002,64.0,1.8259999999999998,65.0,2.036,62.0,1.88
337,Aarons,MID,Newcastle,5.0,0.0,0.0,0.0,17.0,0.6729999999999999,18.0,0.73,17.0,0.607,19.0,0.8009999999999999,19.0,0.677,18.0,0.6459999999999999,17.0,0.67,17.0,0.653
338,Saint-Maximin,MID,Newcastle,5.5,92.0,1860.0,0.049462365999999994,76.0,3.028,74.0,3.0660000000000003,71.0,2.511,72.0,3.137,72.0,2.559,72.0,2.576,71.0,2.843,68.0,2.677
339,Almirón,MID,Newcastle,6.0,109.0,3020.0,0.036092715,80.0,3.58,77.0,3.687,72.0,2.8139999999999996,73.0,3.6489999999999996,71.0,2.778,70.0,2.78,66.0,3.0460000000000003,69.0,3.0580000000000003
340,Joelinton,FWD,Newcastle,6.0,78.0,2678.0,0.029126213999999997,65.0,2.555,54.0,2.2359999999999998,51.0,1.8319999999999999,49.0,2.122,47.0,1.7080000000000002,50.0,1.796,51.0,2.042,48.0,1.899
341,Muto,FWD,Newcastle,5.0,9.0,207.0,0.0,3.0,0.11900000000000001,3.0,0.11900000000000001,3.0,0.111,2.0,0.081,2.0,0.07400000000000001,3.0,0.111,3.0,0.11699999999999999,4.0,0.163
342,Watts,DEF,Newcastle,4.0,1.0,16.0,0.0,0.0,0.0,0.0,0.0,0.0,0.0,0.0,0.0,0.0,0.0,0.0,0.0,0.0,0.0,0.0,0.0
343,Sharp,FWD,Sheffield Utd,6.0,57.0,1037.0,0.054966249,43.0,1.983,42.0,2.214,42.0,2.2,45.0,1.919,43.0,2.4619999999999997,45.0,1.722,45.0,1.7890000000000001,46.0,1.8559999999999999
344,McGoldrick,FWD,Sheffield Utd,5.5,65.0,1810.0,0.035911602,50.0,2.2430000000000003,47.0,2.428,49.0,2.501,47.0,1.992,49.0,2.779,48.0,1.807,47.0,1.865,49.0,1.956
345,Basham,DEF,Sheffield Utd,5.0,123.0,3242.0,0.037939543,83.0,2.676,82.0,2.958,79.0,2.965,78.0,1.985,76.0,3.361,76.0,1.189,75.0,1.159,72.0,1.5119999999999998
346,Fleck,MID,Sheffield Utd,6.0,101.0,2515.0,0.040159046000000004,57.0,2.0,57.0,2.213,60.0,2.323,59.0,1.962,61.0,2.633,58.0,1.729,59.0,1.8130000000000002,59.0,1.8630000000000002
347,Stevens,DEF,Sheffield Utd,5.5,142.0,3345.0,0.04245142,87.0,3.2760000000000002,83.0,3.662,84.0,3.8089999999999997,81.0,2.494,80.0,4.239,78.0,1.5290000000000001,76.0,1.505,78.0,1.989
348,Moore,GK,Sheffield Utd,4.5,3.0,180.0,0.0,0.0,0.0,0.0,0.0,0.0,0.0,1.0,0.038,2.0,0.094,1.0,0.035,0.0,0.0,3.0,0.11
349,Norwood,MID,Sheffield Utd,5.0,98.0,3089.0,0.031725478,78.0,2.736,75.0,2.9389999999999996,76.0,3.0180000000000002,74.0,2.471,70.0,3.12,68.0,2.042,71.0,2.1919999999999997,69.0,2.195
350,Foderingham,GK,Sheffield Utd,4.5,0.0,0.0,0.0,0.0,0.0,0.0,0.0,1.0,0.044000000000000004,1.0,0.038,0.0,0.0,2.0,0.071,2.0,0.071,2.0,0.073
351,Baldock,DEF,Sheffield Utd,5.5,142.0,3420.0,0.041520468,87.0,2.9160000000000004,83.0,3.174,84.0,3.322,81.0,2.185,82.0,3.801,81.0,1.367,79.0,1.331,76.0,1.7009999999999998
352,Jack Robinson,DEF,Sheffield Utd,4.5,14.0,504.0,0.0,13.0,0.409,23.0,0.795,25.0,0.897,29.0,0.73,30.0,1.256,34.0,0.541,35.0,0.546,38.0,0.794
353,Egan,DEF,Sheffield Utd,5.0,133.0,3187.0,0.041732036,88.0,3.095,83.0,3.3480000000000003,83.0,3.466,82.0,2.334,80.0,3.8760000000000003,79.0,1.4280000000000002,79.0,1.421,77.0,1.821
354,O'Connell,DEF,Sheffield Utd,5.0,111.0,2915.0,0.038078902000000005,85.0,2.928,82.0,3.215,81.0,3.2889999999999997,80.0,2.23,80.0,3.7760000000000002,78.0,1.383,79.0,1.3869999999999998,77.0,1.786
355,Lundstram,MID,Sheffield Utd,5.5,117.0,2452.0,0.04771615,41.0,1.528,45.0,1.839,47.0,1.9369999999999998,42.0,1.4980000000000002,49.0,2.208,49.0,1.554,50.0,1.629,52.0,1.7409999999999999
356,Osborn,MID,Sheffield Utd,5.0,19.0,590.0,0.0,27.0,0.9179999999999999,30.0,1.078,29.0,1.046,35.0,1.126,33.0,1.265,36.0,1.074,35.0,1.064,38.0,1.175
357,McBurnie,FWD,Sheffield Utd,6.0,86.0,2105.0,0.040855107,72.0,3.015,72.0,3.495,70.0,3.405,67.0,2.685,66.0,3.5580000000000003,67.0,2.384,65.0,2.438,64.0,2.434
358,Callum Robinson,FWD,Sheffield Utd,5.5,30.0,669.0,0.0,6.0,0.27699999999999997,9.0,0.469,11.0,0.565,11.0,0.49,11.0,0.611,13.0,0.522,13.0,0.545,14.0,0.5870000000000001
359,Mousset,FWD,Sheffield Utd,6.0,84.0,1223.0,0.068683565,7.0,0.365,9.0,0.537,9.0,0.537,10.0,0.49,12.0,0.7859999999999999,9.0,0.397,12.0,0.546,11.0,0.508
360,Berge,MID,Sheffield Utd,5.0,40.0,943.0,0.0,68.0,2.278,67.0,2.416,62.0,2.26,66.0,2.127,66.0,2.5660000000000003,67.0,1.975,65.0,1.954,61.0,1.9080000000000001
361,Long,FWD,Southampton,5.5,62.0,1386.0,0.044733045,32.0,1.6909999999999998,32.0,1.6,34.0,1.8359999999999999,34.0,2.04,32.0,1.422,31.0,1.671,34.0,1.94,34.0,1.945
362,Bertrand,DEF,Southampton,5.0,75.0,2742.0,0.027352297999999997,88.0,3.613,85.0,2.8110000000000004,83.0,3.5060000000000002,84.0,3.8539999999999996,82.0,1.945,79.0,3.247,78.0,3.214,78.0,3.679
363,McCarthy,GK,Southampton,4.5,104.0,2520.0,0.041269841,90.0,3.835,89.0,3.514,88.0,3.842,87.0,3.822,86.0,3.123,87.0,3.7319999999999998,87.0,3.682,88.0,4.001
364,Oriol Romeu,MID,Southampton,4.5,51.0,1855.0,0.027493261,80.0,2.241,77.0,2.076,74.0,2.153,72.0,2.208,71.0,1.788,71.0,2.0669999999999997,72.0,2.113,71.0,2.1830000000000003
365,Redmond,MID,Southampton,6.5,107.0,2763.0,0.038726022,82.0,3.5980000000000003,81.0,3.285,79.0,3.562,80.0,3.9730000000000003,76.0,2.7760000000000002,77.0,3.4339999999999997,77.0,3.623,74.0,3.57
366,Ings,FWD,Southampton,8.5,198.0,2800.0,0.070714286,74.0,3.7769999999999997,71.0,3.391,70.0,3.6719999999999997,71.0,4.206,71.0,2.952,70.0,3.645,68.0,3.815,67.0,3.781
367,Stephens,DEF,Southampton,5.0,85.0,2451.0,0.034679722999999996,65.0,2.492,64.0,1.966,65.0,2.571,65.0,2.737,63.0,1.386,64.0,2.444,61.0,2.327,63.0,2.787
368,Armstrong,MID,Southampton,5.5,98.0,1706.0,0.057444314,59.0,2.42,58.0,2.262,59.0,2.498,59.0,2.727,57.0,2.009,57.0,2.372,59.0,2.576,56.0,2.529
369,Vestergaard,DEF,Southampton,4.5,51.0,1496.0,0.034090908999999996,41.0,1.653,42.0,1.348,42.0,1.734,44.0,1.9369999999999998,44.0,1.025,41.0,1.614,47.0,1.8619999999999999,45.0,2.051
370,Ward-Prowse,MID,Southampton,6.0,117.0,3420.0,0.034210526,86.0,3.25,83.0,3.023,81.0,3.221,81.0,3.5460000000000003,78.0,2.5610000000000004,80.0,3.111,77.0,3.185,74.0,3.1919999999999997
371,Gunn,GK,Southampton,4.5,29.0,900.0,0.0,0.0,0.0,0.0,0.0,1.0,0.043,2.0,0.087,2.0,0.07200000000000001,2.0,0.085,2.0,0.084,1.0,0.045
372,Boufal,MID,Southampton,5.5,34.0,753.0,0.0,9.0,0.381,11.0,0.447,14.0,0.614,12.0,0.573,17.0,0.63,17.0,0.73,16.0,0.718,19.0,0.877
373,Reed,MID,Fulham,4.5,0.0,0.0,0.0,0.0,0.0,0.0,0.0,1.0,0.043,2.0,0.07200000000000001,1.0,0.038,1.0,0.040999999999999995,1.0,0.042,2.0,0.079
374,Sims,MID,Southampton,4.5,0.0,0.0,0.0,2.0,0.084,2.0,0.08,3.0,0.128,3.0,0.139,4.0,0.14800000000000002,5.0,0.21,4.0,0.17600000000000002,5.0,0.225
375,Walker-Peters,DEF,Southampton,4.5,32.0,944.0,0.0,76.0,2.986,75.0,2.329,74.0,2.9789999999999996,72.0,3.11,69.0,1.5319999999999998,69.0,2.678,68.0,2.635,67.0,3.0210000000000004
376,Bednarek,DEF,Southampton,4.5,84.0,3057.0,0.02747792,59.0,2.131,59.0,1.705,56.0,2.092,57.0,2.256,55.0,1.119,58.0,2.075,56.0,1.9880000000000002,54.0,2.26
377,Adams,FWD,Southampton,6.0,78.0,1095.0,0.071232877,48.0,2.476,49.0,2.313,49.0,2.546,45.0,2.637,50.0,2.092,48.0,2.474,46.0,2.5469999999999997,48.0,2.653
378,Valery,DEF,Southampton,5.0,18.0,778.0,0.0,12.0,0.474,14.0,0.44799999999999995,14.0,0.5670000000000001,15.0,0.652,18.0,0.42100000000000004,19.0,0.746,20.0,0.787,20.0,0.9
379,Smallbone,MID,Southampton,4.5,24.0,389.0,0.0,30.0,1.12,33.0,1.169,34.0,1.2830000000000001,37.0,1.486,37.0,1.21,36.0,1.3430000000000002,38.0,1.454,38.0,1.499
380,Vokins,DEF,Southampton,4.0,2.0,90.0,0.0,0.0,0.0,1.0,0.031,1.0,0.039,2.0,0.083,3.0,0.07,4.0,0.151,3.0,0.11199999999999999,4.0,0.172
381,Obafemi,FWD,Southampton,5.0,45.0,655.0,0.0,24.0,1.139,24.0,1.0759999999999998,24.0,1.168,26.0,1.383,24.0,0.98,25.0,1.2009999999999998,28.0,1.406,28.0,1.4169999999999998
382,Djenepo,MID,Southampton,5.5,40.0,920.0,0.0,10.0,0.43799999999999994,14.0,0.569,14.0,0.634,15.0,0.743,18.0,0.664,17.0,0.73,18.0,0.815,21.0,0.976
383,Lloris,GK,Spurs,5.5,98.0,1808.0,0.05420354,89.0,4.055,89.0,4.02,87.0,4.284,87.0,3.444,88.0,4.126,86.0,4.086,85.0,4.037,86.0,3.949
384,Rose,DEF,Spurs,5.0,47.0,1753.0,0.026811181,2.0,0.081,5.0,0.193,7.0,0.32899999999999996,7.0,0.192,8.0,0.35,10.0,0.43200000000000005,12.0,0.529,11.0,0.45799999999999996
385,Sissoko,MID,Spurs,5.0,69.0,2451.0,0.028151775,71.0,2.54,67.0,2.342,68.0,2.63,71.0,2.141,70.0,2.667,64.0,2.37,66.0,2.474,70.0,2.571
386,Alderweireld,DEF,Spurs,5.5,97.0,2957.0,0.032803517000000004,76.0,3.218,74.0,2.9819999999999998,72.0,3.537,72.0,2.026,74.0,3.367,73.0,3.2939999999999996,68.0,3.13,71.0,3.072
387,Lamela,MID,Spurs,6.0,65.0,1203.0,0.054031588,26.0,1.454,23.0,1.248,22.0,1.3459999999999999,26.0,1.147,24.0,1.483,29.0,1.649,29.0,1.7,27.0,1.6159999999999999
388,Kane,FWD,Spurs,10.5,158.0,2588.0,0.061051005,84.0,5.145,81.0,4.82,83.0,5.516,80.0,3.787,80.0,5.4670000000000005,78.0,4.8469999999999995,75.0,4.851,73.0,4.803999999999999
389,Aurier,DEF,Spurs,5.5,124.0,2699.0,0.045942942,60.0,2.716,58.0,2.467,59.0,3.0810000000000004,58.0,1.69,59.0,2.867,57.0,2.72,54.0,2.641,59.0,2.714
390,Son,MID,Spurs,9.0,169.0,2478.0,0.068200161,72.0,4.398,66.0,3.94,68.0,4.6339999999999995,70.0,3.302,67.0,4.538,67.0,4.198,64.0,4.213,65.0,4.289
391,Dier,DEF,Spurs,5.0,38.0,1340.0,0.028358209,62.0,2.616,61.0,2.441,63.0,3.089,61.0,1.699,60.0,2.735,59.0,2.6460000000000004,60.0,2.7539999999999996,56.0,2.4219999999999997
392,Lucas Moura,MID,Spurs,7.0,100.0,2235.0,0.044742729,56.0,2.9760000000000004,58.0,2.9819999999999998,57.0,3.2889999999999997,56.0,2.365,59.0,3.4130000000000003,54.0,2.9189999999999996,56.0,3.111,54.0,3.0039999999999996
393,Gazzaniga,GK,Spurs,4.5,58.0,1612.0,0.035980148999999996,0.0,0.0,0.0,0.0,1.0,0.047,1.0,0.038,0.0,0.0,1.0,0.046,3.0,0.13699999999999998,1.0,0.044000000000000004
394,Alli,MID,Spurs,8.0,117.0,1845.0,0.063414634,47.0,2.71,45.0,2.505,50.0,3.178,48.0,2.173,48.0,3.0389999999999997,48.0,2.803,52.0,3.1710000000000003,50.0,3.0189999999999997
395,Davies,DEF,Spurs,5.0,41.0,1430.0,0.028671329,86.0,3.5639999999999996,83.0,3.267,81.0,3.9,81.0,2.2319999999999998,79.0,3.5260000000000002,76.0,3.3489999999999998,76.0,3.4219999999999997,77.0,3.263
396,Højbjerg,MID,Spurs,5.0,75.0,2750.0,0.027272727000000004,43.0,1.591,47.0,1.69,46.0,1.8230000000000002,44.0,1.401,45.0,1.7630000000000001,45.0,1.703,47.0,1.8019999999999998,45.0,1.7080000000000002
397,Winks,MID,Spurs,5.5,52.0,2223.0,0.023391812999999997,46.0,1.541,45.0,1.48,41.0,1.48,44.0,1.296,41.0,1.46,47.0,1.6119999999999999,43.0,1.5030000000000001,43.0,1.484
398,Sánchez,DEF,Spurs,5.5,64.0,2431.0,0.026326615,41.0,1.6969999999999998,44.0,1.7280000000000002,44.0,2.096,45.0,1.255,44.0,1.945,46.0,2.017,47.0,2.1,46.0,1.92
399,Sessegnon,DEF,Spurs,5.0,8.0,341.0,0.0,1.0,0.048,2.0,0.091,2.0,0.11,3.0,0.099,2.0,0.10300000000000001,2.0,0.10099999999999999,4.0,0.20600000000000002,4.0,0.196
400,Bergwijn,MID,Spurs,7.5,43.0,699.0,0.0,29.0,1.3780000000000001,35.0,1.608,35.0,1.795,29.0,1.12,30.0,1.546,33.0,1.584,34.0,1.6769999999999998,36.0,1.774
401,Fernandes,MID,Spurs,5.0,7.0,62.0,0.0,0.0,0.0,0.0,0.0,0.0,0.0,1.0,0.037000000000000005,1.0,0.044000000000000004,1.0,0.042,1.0,0.043,3.0,0.129
402,Tanganga,DEF,Spurs,5.0,17.0,525.0,0.0,1.0,0.042,2.0,0.08,3.0,0.145,4.0,0.115,5.0,0.225,7.0,0.313,6.0,0.272,5.0,0.215
403,Lo Celso,MID,Spurs,7.0,54.0,1482.0,0.036437247,55.0,2.497,56.0,2.48,53.0,2.6189999999999998,54.0,2.0140000000000002,56.0,2.753,54.0,2.51,53.0,2.528,52.0,2.48
404,Skipp,MID,Spurs,4.5,7.0,74.0,0.0,0.0,0.0,0.0,0.0,0.0,0.0,0.0,0.0,0.0,0.0,0.0,0.0,0.0,0.0,0.0,0.0
405,Ndombele,MID,Spurs,6.0,45.0,1002.0,0.04491018,2.0,0.078,4.0,0.152,3.0,0.12300000000000001,4.0,0.13699999999999998,5.0,0.207,5.0,0.19899999999999998,6.0,0.242,6.0,0.239
406,Foyth,DEF,Spurs,4.5,3.0,66.0,0.0,0.0,0.0,0.0,0.0,0.0,0.0,0.0,0.0,0.0,0.0,0.0,0.0,0.0,0.0,1.0,0.043
407,Gibbs,DEF,West Brom,4.5,0.0,0.0,0.0,65.0,1.9080000000000001,64.0,1.911,62.0,1.42,62.0,1.889,63.0,2.574,59.0,1.883,62.0,2.315,63.0,1.726
408,Robson-Kanu,FWD,West Brom,5.5,0.0,0.0,0.0,60.0,2.467,58.0,2.286,63.0,2.355,60.0,2.464,55.0,2.53,57.0,2.33,56.0,2.593,53.0,2.113
409,Livermore,MID,West Brom,5.0,0.0,0.0,0.0,83.0,2.3930000000000002,81.0,2.3280000000000003,80.0,2.195,78.0,2.301,79.0,2.539,76.0,2.267,77.0,2.455,76.0,2.182
410,Grosicki,MID,West Brom,5.5,0.0,0.0,0.0,48.0,2.0980000000000003,43.0,1.8319999999999999,43.0,1.733,47.0,2.063,47.0,2.345,44.0,1.939,46.0,2.285,46.0,1.936
411,Phillips,MID,West Brom,5.5,0.0,0.0,0.0,49.0,2.025,55.0,2.191,55.0,2.0709999999999997,53.0,2.186,52.0,2.424,54.0,2.229,51.0,2.369,49.0,1.952
412,Bartley,DEF,West Brom,4.5,0.0,0.0,0.0,38.0,1.025,37.0,1.02,41.0,0.8540000000000001,39.0,1.092,42.0,1.574,44.0,1.29,43.0,1.475,44.0,1.104
413,Sawyers,MID,West Brom,5.0,0.0,0.0,0.0,84.0,2.302,82.0,2.254,80.0,2.11,78.0,2.198,77.0,2.356,76.0,2.168,76.0,2.298,76.0,2.093
414,Hegazi,DEF,West Brom,4.5,0.0,0.0,0.0,55.0,1.5930000000000002,59.0,1.7369999999999999,58.0,1.3090000000000002,60.0,1.796,54.0,2.162,57.0,1.788,57.0,2.086,54.0,1.462
415,Austin,FWD,West Brom,5.5,0.0,0.0,0.0,26.0,1.463,29.0,1.5419999999999998,23.0,1.155,27.0,1.508,31.0,1.9369999999999998,28.0,1.551,29.0,1.8330000000000002,31.0,1.6269999999999998
416,Zohore,FWD,West Brom,5.0,0.0,0.0,0.0,3.0,0.14300000000000002,4.0,0.182,4.0,0.17600000000000002,5.0,0.23600000000000002,6.0,0.308,7.0,0.326,7.0,0.361,8.0,0.361
417,Johnstone,GK,West Brom,4.5,0.0,0.0,0.0,89.0,3.315,89.0,3.444,87.0,3.1460000000000004,87.0,3.359,86.0,3.685,87.0,3.411,87.0,3.5860000000000003,86.0,3.2289999999999996
418,Townsend,DEF,West Brom,4.5,0.0,0.0,0.0,24.0,0.635,26.0,0.706,28.0,0.5770000000000001,28.0,0.769,28.0,1.0190000000000001,32.0,0.922,29.0,0.9670000000000001,29.0,0.7170000000000001
419,Ajayi,DEF,West Brom,5.0,0.0,0.0,0.0,84.0,2.426,81.0,2.385,79.0,1.7730000000000001,79.0,2.371,79.0,3.1910000000000003,76.0,2.39,75.0,2.764,75.0,2.025
420,Leko,MID,West Brom,4.5,0.0,0.0,0.0,0.0,0.0,0.0,0.0,0.0,0.0,0.0,0.0,0.0,0.0,0.0,0.0,0.0,0.0,0.0,0.0
421,Edwards,MID,West Brom,5.0,0.0,0.0,0.0,44.0,1.524,47.0,1.5959999999999999,46.0,1.4980000000000002,42.0,1.4680000000000002,45.0,1.709,45.0,1.5719999999999998,43.0,1.621,44.0,1.494
422,Furlong,DEF,West Brom,4.5,0.0,0.0,0.0,18.0,0.511,20.0,0.578,25.0,0.5539999999999999,20.0,0.5870000000000001,27.0,1.052,25.0,0.767,27.0,0.966,30.0,0.792
423,Field,MID,West Brom,5.0,0.0,0.0,0.0,9.0,0.313,9.0,0.31,12.0,0.4,13.0,0.45299999999999996,15.0,0.5539999999999999,17.0,0.591,15.0,0.5489999999999999,16.0,0.5429999999999999
424,Burke,MID,West Brom,4.5,0.0,0.0,0.0,8.0,0.29600000000000004,9.0,0.326,13.0,0.45399999999999996,14.0,0.516,14.0,0.555,16.0,0.589,17.0,0.6679999999999999,18.0,0.645
425,O'Shea,DEF,West Brom,4.5,0.0,0.0,0.0,73.0,2.1919999999999997,71.0,2.155,67.0,1.557,72.0,2.239,68.0,2.8710000000000004,69.0,2.244,67.0,2.602,64.0,1.791
426,Harper,MID,West Brom,4.5,0.0,0.0,0.0,42.0,1.3630000000000002,42.0,1.354,41.0,1.274,45.0,1.463,44.0,1.541,44.0,1.44,44.0,1.5219999999999998,45.0,1.426
427,Noble,MID,West Ham,5.0,105.0,2675.0,0.039252336,56.0,2.282,55.0,1.847,55.0,1.97,54.0,1.883,55.0,1.825,50.0,1.585,53.0,1.604,53.0,2.301
428,Snodgrass,MID,West Ham,6.0,87.0,1504.0,0.057845745,28.0,1.409,28.0,1.135,31.0,1.325,32.0,1.327,30.0,1.192,33.0,1.218,31.0,1.105,33.0,1.797
429,Martin,GK,West Ham,4.0,20.0,435.0,0.0,0.0,0.0,0.0,0.0,1.0,0.039,0.0,0.0,0.0,0.0,2.0,0.069,1.0,0.034,1.0,0.043
430,Randolph,GK,West Ham,4.5,3.0,180.0,0.0,0.0,0.0,0.0,0.0,1.0,0.040999999999999995,1.0,0.038,1.0,0.037000000000000005,2.0,0.071,2.0,0.071,2.0,0.08900000000000001
431,Fabianski,GK,West Ham,5.0,83.0,2117.0,0.039206424,89.0,3.8489999999999998,88.0,3.3139999999999996,87.0,3.552,87.0,3.366,87.0,3.272,86.0,3.0860000000000003,86.0,3.072,86.0,3.8710000000000004
432,Ogbonna,DEF,West Ham,5.0,81.0,2786.0,0.029073941000000002,88.0,3.4,86.0,1.999,83.0,2.6010000000000004,82.0,2.168,82.0,1.893,81.0,1.073,79.0,1.06,79.0,3.3339999999999996
433,Roberto,GK,West Ham,4.5,18.0,686.0,0.0,0.0,0.0,0.0,0.0,0.0,0.0,0.0,0.0,0.0,0.0,0.0,0.0,0.0,0.0,0.0,0.0
434,Wilshere,MID,West Ham,5.0,8.0,209.0,0.0,1.0,0.037000000000000005,2.0,0.066,1.0,0.034,2.0,0.067,2.0,0.065,2.0,0.063,4.0,0.12300000000000001,5.0,0.195
435,Cresswell,DEF,West Ham,5.0,79.0,2727.0,0.028969564,86.0,3.4989999999999997,85.0,2.102,83.0,2.7239999999999998,81.0,2.265,83.0,2.033,79.0,1.16,79.0,1.159,76.0,3.377
436,Yarmolenko,MID,West Ham,6.0,70.0,981.0,0.0,13.0,0.6679999999999999,16.0,0.645,14.0,0.62,15.0,0.648,16.0,0.6659999999999999,19.0,0.738,18.0,0.675,20.0,1.109
437,Antonio,FWD,West Ham,6.5,98.0,1767.0,0.055461234000000005,72.0,4.195,70.0,3.273,71.0,3.4989999999999997,69.0,3.326,69.0,3.1719999999999997,69.0,2.924,67.0,2.713,67.0,4.34
438,Fredericks,DEF,West Ham,4.5,74.0,2235.0,0.03310962,84.0,3.077,80.0,1.7630000000000001,82.0,2.449,81.0,2.032,80.0,1.7469999999999999,76.0,0.9420000000000001,75.0,0.9359999999999999,76.0,3.065
439,Lanzini,MID,West Ham,6.5,50.0,1370.0,0.03649635,5.0,0.256,7.0,0.29600000000000004,7.0,0.318,6.0,0.268,8.0,0.33,9.0,0.358,8.0,0.306,9.0,0.49700000000000005
440,Felipe Anderson,MID,West Ham,6.5,66.0,1493.0,0.044206296,45.0,2.267,40.0,1.645,44.0,1.9040000000000001,43.0,1.814,44.0,1.774,42.0,1.584,44.0,1.591,46.0,2.515
441,Haller,FWD,West Ham,6.5,102.0,2259.0,0.045152722,23.0,1.275,26.0,1.189,24.0,1.151,26.0,1.214,27.0,1.217,27.0,1.149,29.0,1.177,28.0,1.673
442,Masuaku,DEF,West Ham,4.5,26.0,930.0,0.0,2.0,0.078,6.0,0.15,8.0,0.258,8.0,0.22,10.0,0.245,10.0,0.153,13.0,0.198,16.0,0.6779999999999999
443,Balbuena,DEF,West Ham,4.5,40.0,1176.0,0.034013605,2.0,0.08199999999999999,4.0,0.10400000000000001,7.0,0.233,11.0,0.315,11.0,0.27899999999999997,10.0,0.16,14.0,0.221,15.0,0.6659999999999999
444,Hugill,FWD,West Ham,5.5,0.0,0.0,0.0,0.0,0.0,0.0,0.0,0.0,0.0,0.0,0.0,0.0,0.0,0.0,0.0,0.0,0.0,0.0,0.0
445,Bowen,MID,West Ham,6.5,44.0,916.0,0.0,63.0,3.247,62.0,2.5660000000000003,63.0,2.775,63.0,2.694,62.0,2.528,60.0,2.271,59.0,2.155,58.0,3.2560000000000002
446,Diangana,MID,West Ham,5.5,0.0,0.0,0.0,4.0,0.19899999999999998,5.0,0.21,6.0,0.263,7.0,0.301,5.0,0.203,6.0,0.23600000000000002,5.0,0.191,7.0,0.374
447,Ajeti,FWD,West Ham,5.5,9.0,132.0,0.0,0.0,0.0,0.0,0.0,0.0,0.0,0.0,0.0,0.0,0.0,0.0,0.0,0.0,0.0,0.0,0.0
448,Rice,MID,West Ham,5.0,105.0,3420.0,0.030701753999999998,87.0,2.573,85.0,2.214,83.0,2.311,82.0,2.209,81.0,2.127,80.0,1.994,78.0,1.929,77.0,2.449
449,Soucek,MID,West Ham,5.0,41.0,1039.0,0.03946102,85.0,3.58,81.0,2.758,80.0,2.909,78.0,2.76,77.0,2.61,78.0,2.449,77.0,2.335,76.0,3.491
450,Fornals,MID,West Ham,6.5,93.0,2167.0,0.042916474,49.0,2.312,53.0,2.039,50.0,2.05,51.0,2.028,51.0,1.945,51.0,1.8119999999999998,49.0,1.686,49.0,2.511
451,Diop,DEF,West Ham,4.5,76.0,2765.0,0.027486438,88.0,3.5,86.0,2.039,84.0,2.688,83.0,2.2430000000000003,81.0,1.906,82.0,1.113,79.0,1.08,78.0,3.428
452,Johnson,DEF,West Ham,4.0,6.0,270.0,0.0,7.0,0.254,12.0,0.282,12.0,0.368,15.0,0.39399999999999996,14.0,0.326,22.0,0.306,22.0,0.315,21.0,0.8190000000000001
453,Ruddy,GK,Wolves,4.5,0.0,0.0,0.0,0.0,0.0,0.0,0.0,0.0,0.0,1.0,0.049,0.0,0.0,1.0,0.048,1.0,0.049,1.0,0.042
454,Moutinho,MID,Wolves,5.5,113.0,3105.0,0.036392915,80.0,2.873,79.0,2.424,77.0,2.886,79.0,3.358,76.0,2.7880000000000003,73.0,2.964,75.0,3.0180000000000002,73.0,2.535
455,Patrício,GK,Wolves,5.5,153.0,3420.0,0.044736842,89.0,4.007,89.0,3.2680000000000002,88.0,3.9019999999999997,88.0,4.297,87.0,3.8539999999999996,87.0,4.2139999999999995,87.0,4.2780000000000005,86.0,3.615
456,Bennett,DEF,Wolves,4.5,32.0,932.0,0.0,13.0,0.516,17.0,0.369,19.0,0.748,22.0,1.06,22.0,0.856,23.0,1.082,27.0,1.295,22.0,0.7559999999999999
457,Doherty,DEF,Spurs,6.0,167.0,2836.0,0.058885755,29.0,1.7069999999999999,31.0,1.736,30.0,2.023,32.0,1.227,30.0,1.9280000000000002,31.0,1.9180000000000001,35.0,2.219,31.0,1.8880000000000001
458,Boly,DEF,Wolves,5.5,97.0,1980.0,0.048989899,80.0,3.477,78.0,1.7630000000000001,77.0,3.234,76.0,3.9189999999999996,80.0,3.324,75.0,3.7710000000000004,76.0,3.884,76.0,2.765
459,Coady,DEF,Wolves,5.0,118.0,3420.0,0.034502924,78.0,3.0780000000000003,79.0,1.599,78.0,2.9530000000000003,75.0,3.4939999999999998,78.0,2.92,75.0,3.437,72.0,3.3689999999999998,72.0,2.403
460,Jiménez,FWD,Wolves,8.5,194.0,3241.0,0.059858068,81.0,4.3839999999999995,77.0,3.517,75.0,4.4510000000000005,74.0,5.153,74.0,4.265,74.0,4.659,71.0,4.397,69.0,3.645
461,Saïss,DEF,Wolves,5.0,103.0,2703.0,0.038105808,70.0,2.928,74.0,1.599,71.0,2.9619999999999997,71.0,3.718,71.0,2.907,70.0,3.522,70.0,3.575,73.0,2.59
462,Jonny,DEF,Wolves,5.5,123.0,2885.0,0.042634315,0.0,0.0,0.0,0.0,0.0,0.0,0.0,0.0,0.0,0.0,0.0,0.0,0.0,0.0,0.0,0.0
463,Bonatini,FWD,Wolves,5.0,0.0,0.0,0.0,7.0,0.382,8.0,0.376,9.0,0.52,10.0,0.6509999999999999,10.0,0.563,10.0,0.6,12.0,0.705,12.0,0.623
464,Dendoncker,MID,Wolves,5.0,100.0,2790.0,0.035842294,65.0,2.176,63.0,1.838,65.0,2.2159999999999997,67.0,2.559,63.0,2.136,67.0,2.458,66.0,2.415,66.0,2.1109999999999998
465,Traoré,MID,Wolves,6.5,130.0,2599.0,0.050019238,82.0,3.3569999999999998,81.0,2.7760000000000002,79.0,3.403,77.0,3.826,76.0,3.208,75.0,3.508,73.0,3.365,74.0,2.898
466,Neves,MID,Wolves,5.5,97.0,3053.0,0.031772028,82.0,2.585,78.0,2.137,77.0,2.5639999999999996,75.0,2.832,75.0,2.4819999999999998,75.0,2.734,75.0,2.721,73.0,2.279
467,Buur,DEF,Wolves,4.0,0.0,0.0,0.0,12.0,0.502,16.0,0.366,16.0,0.655,16.0,0.8,18.0,0.7290000000000001,19.0,0.925,18.0,0.89,19.0,0.68
468,Jota,MID,Wolves,6.5,122.0,2278.0,0.053555751,61.0,3.1439999999999997,62.0,2.5989999999999998,59.0,3.303,61.0,3.9989999999999997,58.0,3.157,58.0,3.495,58.0,3.4360000000000004,58.0,2.87
469,Podence,MID,Wolves,5.5,25.0,285.0,0.0,38.0,1.801,36.0,1.442,41.0,2.043,37.0,2.0980000000000003,41.0,1.999,43.0,2.266,40.0,2.093,42.0,1.874
470,Kilman,DEF,Wolves,4.0,5.0,184.0,0.0,15.0,0.603,14.0,0.301,16.0,0.619,17.0,0.802,18.0,0.687,17.0,0.785,22.0,1.038,21.0,0.716
471,Vinagre,DEF,Wolves,4.5,32.0,644.0,0.0,66.0,3.221,62.0,1.609,63.0,3.042,63.0,3.772,61.0,2.907,63.0,3.6210000000000004,61.0,3.5389999999999997,62.0,2.59
472,Sarkic,GK,Wolves,4.5,0.0,0.0,0.0,0.0,0.0,0.0,0.0,0.0,0.0,0.0,0.0,1.0,0.045,1.0,0.049,1.0,0.049,1.0,0.042
473,Gibbs-White,MID,Wolves,5.0,11.0,125.0,0.0,0.0,0.0,0.0,0.0,0.0,0.0,0.0,0.0,0.0,0.0,0.0,0.0,0.0,0.0,0.0,0.0
474,Neto,MID,Wolves,5.5,57.0,920.0,0.0,53.0,2.627,55.0,2.26,54.0,2.9010000000000002,56.0,3.529,52.0,2.7319999999999998,53.0,3.0580000000000003,55.0,3.1319999999999997,53.0,2.529
475,Jordao,MID,Wolves,4.5,1.0,6.0,0.0,2.0,0.081,4.0,0.14400000000000002,4.0,0.168,4.0,0.187,5.0,0.207,8.0,0.355,7.0,0.308,8.0,0.313
476,Campana,FWD,Wolves,5.0,0.0,0.0,0.0,6.0,0.325,8.0,0.374,10.0,0.5720000000000001,11.0,0.7090000000000001,11.0,0.613,10.0,0.595,12.0,0.6990000000000001,13.0,0.669
477,Freeman,MID,Sheffield Utd,5.0,13.0,360.0,0.0,0.0,0.0,0.0,0.0,0.0,0.0,0.0,0.0,0.0,0.0,0.0,0.0,0.0,0.0,0.0,0.0
478,Willian,MID,Arsenal,8.0,168.0,2595.0,0.064739884,33.0,1.936,33.0,1.965,38.0,1.5519999999999998,34.0,1.892,36.0,1.46,38.0,2.0140000000000002,38.0,1.65,35.0,2.198
479,Salisu,DEF,Southampton,4.5,0.0,0.0,0.0,14.0,0.539,14.0,0.435,17.0,0.6729999999999999,14.0,0.586,19.0,0.43200000000000005,17.0,0.647,17.0,0.645,18.0,0.7859999999999999
480,Sean Longstaff,MID,Newcastle,5.0,44.0,1370.0,0.032116788,9.0,0.341,12.0,0.46799999999999997,8.0,0.28,8.0,0.322,10.0,0.349,10.0,0.35100000000000003,11.0,0.418,10.0,0.373
481,Pereira,MID,West Brom,6.0,0.0,0.0,0.0,77.0,3.133,73.0,2.9010000000000002,73.0,2.722,71.0,2.932,69.0,3.286,68.0,2.8289999999999997,69.0,3.253,69.0,2.7319999999999998
482,Hart,GK,Spurs,4.5,0.0,0.0,0.0,0.0,0.0,0.0,0.0,1.0,0.048,0.0,0.0,1.0,0.045,1.0,0.046,1.0,0.046,1.0,0.045
483,Ramsdale,GK,Sheffield Utd,5.0,126.0,3330.0,0.037837838,89.0,3.6180000000000003,88.0,3.798,88.0,3.8710000000000004,87.0,3.3360000000000003,87.0,4.0680000000000005,87.0,3.0780000000000003,87.0,3.0839999999999996,86.0,3.1519999999999997
484,Robinson,DEF,Fulham,4.5,0.0,0.0,0.0,0.0,0.0,0.0,0.0,0.0,0.0,0.0,0.0,0.0,0.0,0.0,0.0,0.0,0.0,0.0,0.0
485,Hendrick,MID,Newcastle,5.0,67.0,1930.0,0.034715026,0.0,0.0,0.0,0.0,0.0,0.0,0.0,0.0,0.0,0.0,0.0,0.0,0.0,0.0,0.0,0.0
486,Dann,DEF,Crystal Palace,4.5,51.0,1264.0,0.040348101000000004,0.0,0.0,0.0,0.0,0.0,0.0,0.0,0.0,0.0,0.0,0.0,0.0,0.0,0.0,0.0,0.0
487,Matty Longstaff,MID,Newcastle,5.0,27.0,572.0,0.0,0.0,0.0,0.0,0.0,0.0,0.0,0.0,0.0,0.0,0.0,0.0,0.0,0.0,0.0,0.0,0.0
488,Gillespie,GK,Newcastle,4.5,0.0,0.0,0.0,0.0,0.0,0.0,0.0,0.0,0.0,0.0,0.0,0.0,0.0,0.0,0.0,0.0,0.0,0.0,0.0
489,Eze,MID,Crystal Palace,6.0,0.0,0.0,0.0,0.0,0.0,0.0,0.0,0.0,0.0,0.0,0.0,0.0,0.0,0.0,0.0,0.0,0.0,0.0,0.0
