Pos,Name,BV,SV,Team,1_xMins,1_Pts,2_xMins,2_Pts,3_xMins,3_Pts,4_xMins,4_Pts,5_xMins,5_Pts,6_xMins,6_Pts,7_xMins,7_Pts,8_xMins,8_Pts
M,Özil,7.0,7.0,Arsenal,0,0,0,0,0,0,0,0,0,0,0,0,0,0,0,0
D,Sokratis,5.0,5.0,Arsenal,2,0.086,3,0.132,2,0.043,2,0.091,3,0.053,3,0.116,3,0.081,2,0.093
D,David Luiz,5.5,5.5,Arsenal,74,3.25,72,3.23,71,1.454,66,3.089,65,1.07,64,2.532,56,1.504,57,2.729
M,Aubameyang,12.0,12.0,Arsenal,82,5.735,78,5.506,77,3.445,77,5.073,78,3.413,74,4.608,76,3.668,74,5.575
D,Cédric,5.0,5.0,Arsenal,15,0.686,19,0.882,19,0.428,20,0.973,22,0.405,21,0.864,22,0.628,20,0.978
F,Lacazette,8.5,8.5,Arsenal,63,4.325,60,4.161,63,2.856,60,3.818,60,2.71,58,3.557,61,2.977,59,4.338
D,Mustafi,5.0,5.0,Arsenal,0,0,0,0,0,0,0,0,0,0,0,0,28,0.756,40,1.935
G,Leno,5.0,5.0,Arsenal,80,3.642,76,3.498,79,2.92,79,3.793,75,2.72,79,3.476,79,3.073,77,3.643
M,Xhaka,5.5,5.5,Arsenal,82,2.609,79,2.604,79,1.976,79,2.574,76,1.877,75,2.305,78,2.054,74,2.554
D,Marí,4.5,4.5,Arsenal,0,0,0,0,19,0.372,27,1.168,38,0.581,38,1.38,33,0.83,30,1.296
D,Bellerín,5.0,5.0,Arsenal,72,3.33,68,3.219,66,1.47,68,3.322,64,1.163,64,2.665,64,1.823,64,3.198
G,Martínez,4.5,4.5,Arsenal,9,0.399,13,0.583,10,0.358,10,0.469,14,0.492,10,0.429,10,0.377,12,0.552
D,Chambers,4.5,4.5,Arsenal,0,0,0,0,0,0,0,0,0,0,0,0,0,0,0,0
D,Kolasinac,5.0,5.0,Arsenal,59,2.553,60,2.657,57,1.156,55,2.557,50,0.822,55,2.144,44,1.172,47,2.221
D,Maitland-Niles,5.0,5.0,Arsenal,5,0.219,5,0.223,7,0.158,4,0.185,8,0.149,6,0.239,5,0.141,8,0.378
D,Holding,4.5,4.5,Arsenal,43,1.792,46,1.953,39,0.795,40,1.799,34,0.56,37,1.401,35,0.921,28,1.26
D,Tierney,5.5,5.5,Arsenal,75,3.64,75,3.642,73,1.671,74,3.771,70,1.309,69,2.981,71,2.085,67,3.469
M,Pépé,8.0,8.0,Arsenal,56,3.422,58,3.567,55,2.272,55,3.196,55,2.23,55,3.004,52,2.308,54,3.518
M,Torreira,5.0,5.0,Arsenal,52,1.966,52,2.004,53,1.561,51,1.936,49,1.425,49,1.745,52,1.603,51,2.045
M,Willock,5.0,5.0,Arsenal,30,1.65,31,1.652,30,1.19,27,1.375,29,1.098,32,1.569,31,1.252,33,1.931
M,Nelson,5.5,5.5,Arsenal,6,0.348,6,0.347,9,0.372,9,0.489,10,0.407,10,0.52,9,0.39,11,0.667
F,Nketiah,6.0,6.0,Arsenal,23,1.476,26,1.652,22,1.007,25,1.475,26,1.168,26,1.487,23,1.102,26,1.728
M,Smith Rowe,4.5,4.5,Arsenal,0,0,1,0.043,2,0.07,3,0.125,3,0.104,2,0.08,3,0.108,3,0.133
M,Saka,5.5,5.5,Arsenal,34,1.355,38,1.533,36,1.148,40,1.58,36,1.129,39,1.485,39,1.299,38,1.59
M,Guendouzi,5.0,5.0,Arsenal,18,0.639,17,0.62,15,0.448,18,0.648,21,0.611,19,0.649,17,0.522,18,0.678
M,Martinelli,5.0,5.0,Arsenal,0,0,0,0,0,0,0,0,0,0,0,0,0,0,0,0
D,Saliba,4.5,4.5,Arsenal,64,2.805,58,2.562,56,1.216,55,2.561,55,0.972,53,2.099,46,1.283,46,2.154
G,Heaton,4.5,4.5,Aston Villa,0,0,0,0,0,0,0,0,44,1.614,62,2.483,87,3.458,86,3.075
D,El Mohamady,4.5,4.5,Aston Villa,0,0,41,1.716,49,1.987,46,0.858,43,1.221,43,1.64,45,1.688,47,1.171
M,Lansbury,4.5,4.5,Aston Villa,0,0,5,0.18,5,0.185,6,0.19,7,0.233,8,0.29,7,0.253,9,0.295
D,Taylor,4.5,4.5,Aston Villa,0,0,18,0.628,20,0.66,21,0.331,24,0.577,23,0.728,25,0.788,21,0.445
G,Steer,4.0,4.0,Aston Villa,0,0,45,1.887,44,1.79,46,1.618,21,0.772,13,0.521,1,0.04,1,0.036
M,Hourihane,6.0,6.0,Aston Villa,0,0,58,2.192,55,2.187,59,1.85,56,1.924,54,2.085,56,2.124,54,1.804
M,Jota,6.0,6.0,Aston Villa,0,0,17,0.724,18,0.797,16,0.577,20,0.773,20,0.862,21,0.894,21,0.792
G,Nyland,4.0,4.0,Aston Villa,0,0,44,1.858,45,1.849,43,1.524,23,0.852,13,0.525,0,0,2,0.072
D,Engels,4.5,4.5,Aston Villa,0,0,25,0.917,26,0.922,23,0.381,25,0.63,26,0.868,28,0.929,30,0.665
M,Grealish,7.0,7.0,Aston Villa,0,0,82,4.025,80,4.229,80,2.978,77,3.25,77,3.962,77,3.896,73,2.972
M,McGinn,5.5,5.5,Aston Villa,0,0,76,2.769,74,2.769,73,2.217,73,2.412,73,2.695,71,2.59,70,2.271
D,Hause,4.5,4.5,Aston Villa,0,0,44,1.614,42,1.492,44,0.725,42,1.061,46,1.537,40,1.332,42,0.935
M,Trézéguet,5.5,5.5,Aston Villa,0,0,56,2.695,54,2.744,54,2.053,58,2.424,55,2.725,54,2.63,53,2.165
D,Mings,5.0,5.0,Aston Villa,0,0,77,2.798,76,2.652,77,1.168,75,1.815,75,2.456,73,2.376,74,1.561
D,Targett,4.5,4.5,Aston Villa,0,0,77,2.979,76,2.854,72,1.221,73,1.915,72,2.537,70,2.448,74,1.706
D,Bree,4.5,4.5,Aston Villa,0,0,0,0,0,0,0,0,1,0.025,0,0,1,0.033,1,0.023
M,Nakamba,4.5,4.5,Aston Villa,0,0,29,0.93,32,1.03,32,0.902,34,1.004,33,1.053,35,1.102,38,1.09
M,El Ghazi,6.0,6.0,Aston Villa,0,0,39,2.161,42,2.481,39,1.679,38,1.821,40,2.303,42,2.364,43,1.987
D,Konsa,4.5,4.5,Aston Villa,0,0,53,1.93,52,1.828,56,0.882,55,1.354,53,1.752,55,1.805,55,1.185
D,Guilbert,4.5,4.5,Aston Villa,0,0,29,1.001,24,0.793,23,0.341,27,0.628,28,0.876,29,0.902,23,0.468
F,Wesley,6.0,6.0,Aston Villa,0,0,0,0,0,0,0,0,0,0,0,0,0,0,0,0
F,Samatta,6.0,6.0,Aston Villa,0,0,52,2.19,53,2.349,54,1.919,53,2.021,49,2.161,49,2.125,49,1.852
F,Davis,4.5,4.5,Aston Villa,0,0,31,1.45,31,1.537,33,1.293,30,1.27,33,1.599,32,1.523,34,1.395
F,Vassilev,4.5,4.5,Aston Villa,0,0,2,0.084,2,0.088,3,0.113,3,0.119,5,0.216,4,0.171,4,0.156
M,Douglas Luiz,5.0,5.0,Aston Villa,0,0,79,2.648,77,2.659,78,2.159,75,2.272,75,2.548,74,2.494,74,2.189
F,Murray,5.0,5.0,Brighton,19,0.916,19,1.051,20,0.947,23,1.176,22,1.194,19,1.183,23,1.075,21,1.244
M,Lallana,6.5,6.5,Brighton,42,1.547,43,1.773,41,1.501,38,1.48,40,1.645,40,1.817,41,1.503,40,1.786
M,Stephens,4.5,4.5,Brighton,73,1.952,71,2.129,70,1.907,69,1.981,66,2.004,70,2.197,65,1.786,69,2.178
G,Button,4.0,4.0,Brighton,0,0,0,0,1,0.038,2,0.081,2,0.088,3,0.131,2,0.076,2,0.091
M,Groß,6.0,6.0,Brighton,28,1.209,26,1.304,28,1.202,26,1.215,30,1.498,29,1.646,31,1.336,30,1.616
D,Duffy,4.5,4.5,Brighton,2,0.055,2,0.083,5,0.143,2,0.07,3,0.126,5,0.224,5,0.142,6,0.278
M,Pröpper,5.0,5.0,Brighton,57,1.769,59,2.028,61,1.873,60,1.95,61,2.081,58,2.095,58,1.793,59,2.123
M,Mooy,5.0,5.0,Brighton,0,0,0,0,0,0,0,0,0,0,0,0,0,0,0,0
D,Burn,4.5,4.5,Brighton,77,1.826,74,2.746,70,1.793,71,2.249,71,2.736,71,2.848,68,1.721,70,2.979
D,Dunk,5.0,5.0,Brighton,86,2.141,83,3.337,83,2.195,81,2.697,79,3.248,79,3.475,78,2.046,77,3.524
D,Montoya,4.5,4.5,Brighton,0,0,0,0,0,0,0,0,0,0,0,0,0,0,0,0
F,Andone,5.0,5.0,Brighton,3,0.148,4,0.224,5,0.236,5,0.254,6,0.326,4,0.252,6,0.28,7,0.416
M,March,5.0,5.0,Brighton,24,0.971,25,1.132,28,1.114,27,1.138,26,1.167,29,1.431,29,1.149,25,1.212
D,Webster,4.5,4.5,Brighton,65,1.615,65,2.54,65,1.729,64,2.112,66,2.638,62,2.59,63,1.666,63,2.762
D,Veltman,4.5,4.5,Brighton,65,1.48,68,2.43,65,1.6,66,2.034,65,2.392,63,2.401,66,1.615,63,2.537
F,Maupay,6.5,6.5,Brighton,76,3.374,73,3.756,71,3.077,74,3.492,70,3.557,73,4.308,66,2.901,67,3.815
M,Trossard,6.0,6.0,Brighton,59,2.324,62,2.809,59,2.304,58,2.446,55,2.483,58,2.964,55,2.152,58,2.871
G,Ryan,4.5,4.5,Brighton,90,3.322,89,3.924,88,3.382,87,3.601,87,3.884,86,3.828,87,3.343,87,4.009
M,Jahanbakhsh,5.5,5.5,Brighton,12,0.48,12,0.533,12,0.476,13,0.545,14,0.619,14,0.69,14,0.556,17,0.822
M,Izquierdo,5.5,5.5,Brighton,0,0,0,0,0,0,0,0,0,0,0,0,0,0,0,0
D,Clarke,4.5,4.5,Brighton,0,0,0,0,0,0,0,0,0,0,0,0,0,0,0,0
D,White,4.5,4.5,Brighton,4,0.103,7,0.268,8,0.216,11,0.363,9,0.354,11,0.45,12,0.321,12,0.514
D,Bernardo,4.0,4.0,Brighton,2,0.055,5,0.205,5,0.143,5,0.174,6,0.25,7,0.308,9,0.254,8,0.365
M,Bissouma,4.5,4.5,Brighton,66,1.959,64,2.149,63,1.893,63,2.002,64,2.146,64,2.288,64,1.913,61,2.183
D,Lamptey,4.5,4.5,Brighton,35,0.856,37,1.409,35,0.918,33,1.073,38,1.49,37,1.523,33,0.858,37,1.603
F,Connolly,5.5,5.5,Brighton,45,1.951,46,2.245,45,1.907,46,2.088,44,2.119,43,2.369,47,1.98,43,2.277
M,Alzate,4.5,4.5,Brighton,16,0.549,14,0.537,19,0.663,21,0.754,19,0.704,19,0.775,20,0.697,20,0.783
M,Mac Allister,5.5,5.5,Brighton,33,1.187,31,1.238,32,1.15,33,1.245,33,1.309,31,1.332,33,1.186,33,1.4
D,Tarkowski,5.5,5.5,Burnley,0,0,81,2.203,80,2.867,82,2.984,78,2.67,78,2.198,75,1.769,77,2.514
D,Bardsley,4.5,4.5,Burnley,0,0,68,1.627,70,2.237,67,2.171,63,1.917,67,1.669,65,1.335,66,1.92
D,Pieters,4.5,4.5,Burnley,0,0,69,1.909,70,2.559,66,2.436,69,2.404,69,1.978,68,1.634,67,2.221
M,Cork,5.0,5.0,Burnley,0,0,0,0,0,0,0,0,0,0,0,0,0,0,0,0
D,Long,4.5,4.5,Burnley,0,0,18,0.489,24,0.837,24,0.843,25,0.828,27,0.755,29,0.686,29,0.923
F,Rodriguez,6.0,6.0,Burnley,0,0,55,2.295,55,2.65,54,2.516,55,2.67,56,2.396,56,2.282,54,2.411
F,Barnes,6.0,6.0,Burnley,0,0,42,1.886,46,2.274,45,2.255,44,2.16,46,2.007,44,1.813,43,1.928
D,Mee,5.0,5.0,Burnley,0,0,79,2.126,74,2.623,72,2.592,74,2.505,73,2.038,71,1.659,70,2.263
M,Westwood,5.5,5.5,Burnley,0,0,84,2.454,83,2.707,82,2.628,77,2.526,79,2.385,77,2.251,75,2.369
M,Gudmundsson,5.5,5.5,Burnley,0,0,19,0.761,18,0.803,24,1.031,24,1.06,24,0.969,25,0.968,29,1.208
F,Wood,6.5,6.5,Burnley,0,0,65,2.906,60,3.163,61,3.073,62,3.256,61,2.811,57,2.517,62,3.009
D,Lowton,4.5,4.5,Burnley,0,0,22,0.587,19,0.653,23,0.803,28,0.922,25,0.688,27,0.626,25,0.789
F,Vydra,5.0,5.0,Burnley,0,0,11,0.527,13,0.711,12,0.633,12,0.661,13,0.633,16,0.743,14,0.715
D,Gibson,4.0,4.0,Burnley,0,0,2,0.054,3,0.102,2,0.069,5,0.163,5,0.138,7,0.164,6,0.188
M,Brady,5.0,5.0,Burnley,0,0,26,1.009,30,1.283,32,1.331,34,1.453,31,1.215,32,1.203,34,1.379
G,Pope,5.5,5.5,Burnley,0,0,89,3.462,88,3.779,88,3.796,88,3.675,86,3.366,87,3.252,87,3.585
D,Taylor,4.5,4.5,Burnley,0,0,84,2.211,83,2.848,83,2.902,80,2.62,77,2.097,77,1.753,78,2.454
M,Brownhill,5.0,5.0,Burnley,0,0,81,2.148,80,2.299,78,2.242,77,2.214,76,2.063,78,2.03,76,2.136
G,Peacock-Farrell,4.0,4.0,Burnley,0,0,0,0,2,0.084,1,0.042,2,0.082,3,0.116,3,0.111,3,0.121
M,McNeil,6.0,6.0,Burnley,0,0,82,2.764,78,2.946,78,2.888,76,2.876,78,2.699,75,2.497,72,2.613
G,Caballero,5.0,5.0,Chelsea,3,0.131,5,0.191,3,0.136,4,0.196,5,0.23,4,0.157,5,0.233,7,0.337
D,Azpilicueta,6.0,6.0,Chelsea,80,3.695,80,2.508,78,3.893,78,4.396,79,4.048,75,2.497,75,3.872,73,3.946
F,Giroud,7.0,7.0,Chelsea,12,0.782,9,0.507,10,0.713,12,0.849,13,0.922,11,0.612,11,0.754,12,0.823
D,Alonso,6.0,6.0,Chelsea,63,3.185,62,2.084,63,3.485,63,3.906,60,3.393,64,2.253,61,3.449,62,3.684
M,Jorginho,5.0,5.0,Chelsea,67,2.741,54,1.91,51,2.311,51,2.4,50,2.277,47,1.663,55,2.433,49,2.226
M,Barkley,6.0,6.0,Chelsea,30,1.575,16,0.729,16,0.972,16,0.968,15,0.895,18,0.793,21,1.188,18,1.045
M,Kovacic,5.5,5.5,Chelsea,0,0,51,1.653,51,2.005,48,1.964,50,1.985,49,1.592,47,1.845,47,1.875
F,Batshuayi,6.0,6.0,Chelsea,5,0.289,2,0.101,1,0.063,2,0.127,2,0.125,3,0.148,3,0.18,4,0.24
D,Rüdiger,5.0,5.0,Chelsea,72,3.093,73,2.118,73,3.416,68,3.626,73,3.517,70,2.164,70,3.4,69,3.53
D,Zouma,5.0,5.0,Chelsea,75,3.142,75,2.15,75,3.389,75,3.848,73,3.394,70,2.142,71,3.327,71,3.499
D,Emerson,5.0,5.0,Chelsea,3,0.143,4,0.129,5,0.257,7,0.4,9,0.476,8,0.281,9,0.472,11,0.602
G,Arrizabalaga,5.0,5.0,Chelsea,86,3.702,84,3.151,86,3.85,85,4.122,84,3.817,85,3.279,84,3.864,82,3.894
M,Kanté,5.0,5.0,Chelsea,80,2.96,67,2.201,67,2.719,69,2.893,67,2.729,66,2.167,61,2.464,64,2.615
M,Ziyech,8.0,8.0,Chelsea,53,2.982,69,3.159,65,3.93,67,4.102,68,4.074,65,2.965,64,3.731,64,3.77
M,Loftus-Cheek,6.0,6.0,Chelsea,28,1.319,15,0.624,16,0.808,13,0.668,14,0.704,19,0.78,15,0.74,14,0.699
D,Christensen,5.0,5.0,Chelsea,34,1.383,32,0.901,35,1.528,38,1.877,37,1.664,40,1.196,40,1.813,37,1.767
F,Werner,9.5,9.5,Chelsea,76,5.097,74,4.13,71,5.268,68,5.046,66,4.875,71,3.872,69,4.87,67,4.755
F,Abraham,7.5,7.5,Chelsea,12,0.794,10,0.576,11,0.789,12,0.869,13,0.937,11,0.612,13,0.898,14,0.973
M,Pulisic,8.5,8.5,Chelsea,26,1.62,47,2.388,62,4.119,64,4.355,63,4.181,60,2.97,59,3.803,60,3.908
M,Mount,7.0,7.0,Chelsea,62,3.038,52,2.181,52,2.801,49,2.731,49,2.645,48,2.002,47,2.477,46,2.453
D,Tomori,5.0,5.0,Chelsea,1,0.044,2,0.062,3,0.142,4,0.214,4,0.195,5,0.163,7,0.344,8,0.413
M,Hudson-Odoi,6.0,6.0,Chelsea,43,2.384,25,1.193,19,1.175,19,1.19,17,1.046,20,0.953,22,1.313,22,1.314
D,James,5.0,5.0,Chelsea,68,3.543,71,2.476,66,3.75,65,4.135,70,4.043,70,2.578,69,4.014,70,4.251
M,Gilmour,4.5,4.5,Chelsea,0,0,0,0,0,0,0,0,0,0,0,0,0,0,6,0.241
D,Cahill,4.5,4.5,Crystal Palace,0,0,0,0,0,0,0,0,0,0,0,0,0,0,0,0
G,Hennessey,4.5,4.5,Crystal Palace,0,0,2,0.072,1,0.042,2,0.072,3,0.13,4,0.175,4,0.157,5,0.215
D,Sakho,4.5,4.5,Crystal Palace,0,0,0,0,0,0,0,0,0,0,0,0,0,0,0,0
G,Guaita,5.0,5.0,Crystal Palace,90,3.716,88,3.202,88,3.761,88,3.189,87,3.78,87,3.826,88,3.468,87,3.757
D,Tomkins,4.5,4.5,Crystal Palace,0,0,0,0,0,0,0,0,0,0,0,0,0,0,0,0
M,McArthur,5.5,5.5,Crystal Palace,73,2.485,72,2.082,72,2.42,73,2.113,70,2.439,69,2.45,71,2.182,70,2.437
M,McCarthy,4.5,4.5,Crystal Palace,65,2.117,65,1.833,67,2.172,66,1.86,65,2.159,62,2.118,65,1.935,63,2.102
F,Benteke,5.5,5.5,Crystal Palace,43,2.166,42,1.663,46,2.197,45,1.785,43,2.137,45,2.354,44,1.808,48,2.42
M,Kouyaté,5.0,5.0,Crystal Palace,81,2.547,78,2.142,78,2.455,75,2.086,73,2.386,74,2.457,73,2.15,73,2.386
D,Ward,4.5,4.5,Crystal Palace,86,2.897,84,1.76,81,2.85,82,1.677,82,3.043,78,2.952,80,2.297,77,2.782
D,Kelly,4.5,4.5,Crystal Palace,77,2.589,76,1.569,77,2.7,76,1.527,74,2.728,74,2.79,75,2.131,73,2.609
F,Wickham,4.5,4.5,Crystal Palace,29,1.551,28,1.173,29,1.476,27,1.156,29,1.534,31,1.72,34,1.484,29,1.578
M,Townsend,6.0,6.0,Crystal Palace,59,2.571,56,1.991,59,2.494,59,2.121,56,2.475,57,2.565,56,2.132,54,2.4
M,Milivojevic,6.0,6.0,Crystal Palace,55,2.074,57,1.759,55,2.035,55,1.721,58,2.21,58,2.278,54,1.786,58,2.227
D,van Aanholt,5.5,5.5,Crystal Palace,0,0,0,0,0,0,0,0,0,0,0,0,0,0,0,0
F,Ayew,6.0,6.0,Crystal Palace,69,2.937,66,2.236,65,2.635,64,2.217,66,2.801,63,2.82,65,2.326,62,2.71
M,Zaha,7.0,7.0,Crystal Palace,78,3.254,79,2.604,75,3.05,77,2.586,73,3.089,76,3.361,73,2.624,73,3.146
M,Schlupp,5.5,5.5,Crystal Palace,49,1.958,52,1.738,52,2.041,54,1.814,55,2.217,52,2.201,51,1.813,56,2.285
M,Meyer,5.0,5.0,Crystal Palace,4,0.161,5,0.173,5,0.197,7,0.248,9,0.361,9,0.37,9,0.331,9,0.367
M,Riedewald,4.5,4.5,Crystal Palace,28,0.951,31,0.933,36,1.199,34,1.022,36,1.224,35,1.209,36,1.126,38,1.287
D,Ferguson,4.0,4.0,Crystal Palace,0,0,0,0,0,0,0,0,0,0,0,0,0,0,0,0
D,Mitchell,4.0,4.0,Crystal Palace,78,2.494,77,1.487,74,2.472,73,1.373,76,2.671,75,2.687,76,2.047,71,2.403
M,Pierrick,4.5,4.5,Crystal Palace,4,0.152,5,0.168,6,0.225,7,0.236,8,0.307,9,0.353,9,0.314,12,0.463
M,Walcott,6.0,6.0,Everton,48,1.871,42,2.077,43,1.923,43,1.999,44,1.644,47,2.025,43,1.938,45,1.768
M,Delph,5.0,5.0,Everton,34,0.975,39,1.247,39,1.202,43,1.335,42,1.141,40,1.19,40,1.229,41,1.158
M,Sigurdsson,7.0,7.0,Everton,58,2.474,54,3.04,55,2.744,55,2.839,53,2.15,53,2.559,57,2.881,56,2.371
G,Lössl,4.5,4.5,Everton,0,0,0,0,1,0.046,0,0,0,0,1,0.043,1,0.045,2,0.079
D,Coleman,5.0,5.0,Everton,83,2.353,79,3.628,78,3.416,77,3.387,75,1.776,75,2.812,76,3.264,74,2.213
F,Tosun,6.0,6.0,Everton,0,0,0,0,0,0,0,0,0,0,0,0,0,0,0,0
M,Bernard,6.0,6.0,Everton,27,1.047,28,1.354,32,1.388,29,1.315,30,1.102,33,1.379,29,1.28,32,1.229
D,Digne,6.0,6.0,Everton,86,2.664,83,4.258,82,3.95,80,3.894,81,2.094,79,3.305,77,3.643,79,2.579
D,Keane,5.0,5.0,Everton,78,2.187,77,3.491,75,3.255,73,3.181,75,1.752,73,2.687,72,3.067,71,2.102
G,Pickford,5.0,5.0,Everton,89,3.306,88,3.958,88,3.969,88,3.941,88,3.211,87,3.659,86,3.815,86,3.322
M,André Gomes,5.5,5.5,Everton,72,1.938,70,2.247,70,2.141,70,2.176,68,1.785,68,2.018,67,2.063,67,1.85
M,Iwobi,6.0,6.0,Everton,30,1.208,34,1.683,35,1.571,31,1.45,33,1.261,33,1.452,34,1.539,33,1.314
D,Kenny,4.5,4.5,Everton,3,0.086,7,0.313,8,0.343,8,0.344,11,0.265,10,0.37,11,0.464,13,0.388
M,Gbamin,5.0,5.0,Everton,0,0,0,0,0,0,0,0,0,0,0,0,0,0,0,0
D,Mina,5.5,5.5,Everton,31,0.893,33,1.538,35,1.539,38,1.69,37,0.879,37,1.394,38,1.644,39,1.167
M,Davies,5.5,5.5,Everton,59,1.761,60,2.146,56,1.893,57,1.973,58,1.669,61,1.971,61,2.035,59,1.778
F,Calvert-Lewin,7.0,7.0,Everton,79,3.343,77,4.403,75,3.728,76,3.999,71,2.886,73,3.584,69,3.497,69,2.97
D,Holgate,5.0,5.0,Everton,80,2.156,80,3.55,79,3.363,78,3.326,76,1.692,77,2.742,76,3.162,74,2.104
F,Richarlison,8.0,8.0,Everton,81,3.085,76,3.809,76,3.312,74,3.432,75,2.736,71,3.107,74,3.285,72,2.774
G,Virgínia,4.5,4.5,Everton,0,0,0,0,0,0,1,0.045,1,0.037,1,0.042,1,0.045,1,0.039
M,Gordon,4.5,4.5,Everton,26,0.896,30,1.212,28,1.059,30,1.157,33,1.087,29,1.067,32,1.209,32,1.094
F,Kean,6.0,6.0,Everton,12,0.581,16,0.984,16,0.872,16,0.928,19,0.852,20,1.07,19,1.042,21,0.984
D,Branthwaite,4.0,4.0,Everton,4,0.112,5,0.217,6,0.251,9,0.378,8,0.188,10,0.36,11,0.452,10,0.291
G,Fabri,4.0,4.0,Fulham,0,0,0,0,0,0,0,0,0,0,0,0,0,0,0,0
M,McDonald,5.0,5.0,Fulham,2,0.068,3,0.104,2,0.073,5,0.166,6,0.206,6,0.216,6,0.218,6,0.209
D,Le Marchand,4.5,4.5,Fulham,4,0.09,8,0.206,10,0.323,12,0.276,15,0.432,16,0.553,13,0.413,17,0.443
M,Johansen,5.0,5.0,Fulham,26,0.838,28,0.93,30,1.081,31,0.961,28,0.923,28,0.986,34,1.206,30,1.005
M,Cairney,5.5,5.5,Fulham,64,2.106,63,2.165,63,2.383,63,2.011,63,2.154,61,2.249,62,2.326,61,2.129
D,Ream,4.5,4.5,Fulham,84,1.829,82,2.098,80,2.599,79,1.817,78,2.276,76,2.667,77,2.458,76,1.986
M,Knockaert,5.5,5.5,Fulham,79,2.972,75,2.993,75,3.524,72,2.588,75,2.953,70,3.106,70,3.269,67,2.786
D,Hector,4.5,4.5,Fulham,76,1.635,76,1.929,74,2.414,71,1.601,72,2.073,71,2.486,73,2.337,72,1.872
D,Christie,4.5,4.5,Fulham,70,1.514,68,1.739,67,2.222,67,1.508,64,1.85,65,2.298,63,2.05,62,1.631
M,Kebano,5.0,5.0,Fulham,17,0.762,19,0.887,24,1.288,20,0.837,19,0.869,19,0.97,22,1.17,26,1.229
F,Decordova-Reid,5.5,5.5,Fulham,34,1.307,38,1.484,38,1.658,36,1.301,39,1.479,40,1.632,38,1.642,41,1.613
D,Bryan,5.0,5.0,Fulham,87,2.17,84,2.458,81,3.126,82,2.077,80,2.591,78,3.171,80,3,77,2.321
G,Bettinelli,4.5,4.5,Fulham,3,0.107,5,0.19,6,0.244,4,0.148,7,0.279,6,0.255,7,0.284,5,0.19
F,Mitrović,6.0,6.0,Fulham,79,3.433,74,3.451,75,4.123,74,2.936,71,3.161,73,3.671,69,3.754,69,3.34
D,Mawson,4.5,4.5,Fulham,17,0.387,18,0.476,23,0.762,26,0.614,25,0.741,28,0.995,26,0.846,26,0.699
G,Rodák,4.5,4.5,Fulham,86,3.066,84,3.188,83,3.375,85,3.148,82,3.262,82,3.474,81,3.277,83,3.148
M,Cavaleiro,5.5,5.5,Fulham,64,2.432,61,2.443,57,2.667,61,2.199,62,2.443,61,2.664,59,2.707,56,2.307
M,Onomah,5.0,5.0,Fulham,46,1.601,44,1.6,44,1.779,47,1.57,44,1.585,43,1.671,47,1.87,44,1.624
M,Seri,5.0,5.0,Fulham,63,2.003,62,2.054,61,2.225,57,1.781,58,1.923,62,2.201,58,2.103,58,1.961
M,Kamara,5.0,5.0,Fulham,12,0.532,14,0.649,13,0.708,16,0.656,15,0.676,17,0.864,18,0.965,20,0.943
M,Anguissa,4.5,4.5,Fulham,47,1.479,50,1.618,49,1.704,45,1.399,48,1.558,50,1.715,46,1.594,50,1.631
D,Sessegnon,4.5,4.5,Fulham,19,0.431,21,0.556,22,0.742,20,0.468,22,0.65,22,0.789,24,0.795,25,0.676
M,Hernández,6.0,6.0,Leeds,70,2.382,67,3.552,70,3.011,66,2.36,67,2.796,66,3.155,66,2.872,65,2.94
G,Casilla,4.5,4.5,Leeds,66,2.307,65,2.948,63,2.69,66,2.345,64,2.642,65,2.729,64,2.604,63,2.769
D,Cooper,4.5,4.5,Leeds,86,1.246,83,3.599,83,2.964,82,1.208,78,2.563,81,2.876,76,2.445,78,2.974
D,Douglas,4.0,4.0,Leeds,7,0.117,11,0.493,11,0.405,11,0.183,12,0.409,16,0.592,15,0.502,15,0.589
D,Ayling,4.5,4.5,Leeds,87,1.384,85,4.046,82,3.149,82,1.342,79,2.795,78,3.059,78,2.728,78,3.228
M,Klich,5.5,5.5,Leeds,65,1.947,63,2.722,63,2.308,64,1.983,62,2.215,62,2.438,64,2.342,62,2.341
M,Forshaw,5.0,5.0,Leeds,18,0.519,19,0.657,19,0.611,18,0.525,17,0.54,17,0.56,19,0.607,22,0.716
D,Dallas,4.5,4.5,Leeds,72,1.295,71,3.655,73,3.029,71,1.315,70,2.661,71,3.025,71,2.682,71,3.152
D,Alioski,4.5,4.5,Leeds,27,0.501,31,1.634,31,1.304,35,0.666,33,1.272,32,1.396,36,1.389,39,1.757
F,Bamford,5.5,5.5,Leeds,80,2.881,76,4.27,76,3.436,74,2.835,74,3.252,73,3.756,72,3.369,70,3.321
M,Harrison,5.5,5.5,Leeds,79,2.44,75,3.357,75,2.847,74,2.385,73,2.704,73,2.982,71,2.714,68,2.687
M,Phillips,5.0,5.0,Leeds,63,1.65,63,2.182,61,1.896,64,1.706,64,1.936,62,1.998,57,1.771,57,1.826
M,Costa,5.5,5.5,Leeds,79,2.455,76,3.599,76,2.965,74,2.416,74,2.809,73,3.131,70,2.773,71,2.893
M,Roberts,5.0,5.0,Leeds,22,0.793,26,1.348,26,1.126,28,1.033,30,1.255,31,1.462,31,1.343,31,1.376
M,Grot,5.0,5.0,Leeds,4,0.129,5,0.196,6,0.216,8,0.262,6,0.212,8,0.298,7,0.251,8,0.292
G,Miazek,4.0,4.0,Leeds,0,0,0,0,0,0,0,0,0,0,0,0,0,0,0,0
M,Poveda-Ocampo,4.5,4.5,Leeds,5,0.167,4,0.171,5,0.19,6,0.205,7,0.261,6,0.24,9,0.343,8,0.31
M,Shackleton,5.0,5.0,Leeds,9,0.325,11,0.539,8,0.336,10,0.371,12,0.492,12,0.542,15,0.631,12,0.517
D,Struijk,4.0,4.0,Leeds,60,0.817,63,2.576,61,2.06,59,0.81,60,1.877,63,2.105,59,1.804,57,2.058
M,Stevens,4.5,4.5,Leeds,4,0.13,6,0.243,5,0.183,7,0.231,8,0.287,7,0.267,7,0.256,7,0.261
G,Meslier,4.5,4.5,Leeds,23,0.803,24,1.087,26,1.109,23,0.816,25,1.031,24,1.006,25,1.016,26,1.141
D,Davis,4.0,4.0,Leeds,42,0.635,40,1.702,44,1.563,41,0.624,44,1.438,39,1.364,44,1.407,49,1.842
D,Casey,4.0,4.0,Leeds,6,0.097,9,0.379,8,0.283,8,0.128,12,0.391,12,0.418,12,0.384,11,0.411
D,Morgan,4.5,4.5,Leicester,65,2.716,85,4.293,85,1.376,64,2.965,58,2.869,57,1.817,51,2.076,52,2.131
G,Schmeichel,5.5,5.5,Leicester,89,3.726,89,4.154,88,3.095,87,3.852,88,3.993,86,3.337,86,3.665,88,3.77
D,Fuchs,4.5,4.5,Leicester,0,0,0,0,0,0,0,0,0,0,22,0.678,34,1.331,46,1.818
D,Evans,5.5,5.5,Leicester,0,0,0,0,0,0,82,3.663,80,3.833,80,2.45,79,3.087,78,3.082
M,Silva,4.5,4.5,Leicester,4,0.15,3,0.116,3,0.094,3,0.115,1,0.04,2,0.068,2,0.072,2,0.071
M,Albrighton,5.5,5.5,Leicester,29,1.33,29,1.404,28,0.978,25,1.207,25,1.267,25,1.004,25,1.103,25,1.05
M,James,4.5,4.5,Leicester,4,0.155,3,0.12,5,0.163,1,0.04,2,0.082,1,0.035,2,0.075,1,0.037
G,Ward,4.5,4.5,Leicester,2,0.083,2,0.093,4,0.141,2,0.088,1,0.045,3,0.116,3,0.128,1,0.043
F,Vardy,10.0,10.0,Leicester,83,5.169,82,5.257,79,3.328,79,5.166,78,5.402,76,3.883,76,4.462,74,4.018
M,Praet,5.5,5.5,Leicester,19,0.778,15,0.668,13,0.439,13,0.563,15,0.674,14,0.53,14,0.571,15,0.586
D,Pereira,6.0,6.0,Leicester,0,0,0,0,0,0,36,1.694,54,2.729,71,2.281,69,2.847,71,2.946
D,Amartey,4.0,4.0,Leicester,0,0,0,0,0,0,0,0,0,0,0,0,0,0,0,0
M,Tielemans,6.5,6.5,Leicester,73,2.967,65,2.809,60,1.908,62,2.714,62,2.825,59,2.109,63,2.501,59,2.27
M,Pérez,6.5,6.5,Leicester,52,2.99,46,2.802,49,1.989,49,3.016,48,3.11,47,2.282,46,2.553,47,2.49
M,Gray,5.5,5.5,Leicester,9,0.493,9,0.511,10,0.406,7,0.4,7,0.419,8,0.375,7,0.367,8,0.397
M,Maddison,7.0,7.0,Leicester,37,1.849,59,3.03,79,2.628,78,3.934,74,3.922,76,3.066,75,3.451,74,3.214
D,Chilwell,5.5,5.5,Chelsea,0,0,0,0,0,0,0,0,0,0,0,0,0,0,0,0
F,Iheanacho,6.0,6.0,Leicester,35,2.082,38,2.315,40,1.716,34,2.1,38,2.457,36,1.815,39,2.191,37,1.947
M,Choudhury,5.0,5.0,Leicester,16,0.575,12,0.46,11,0.34,11,0.418,9,0.353,11,0.369,11,0.389,14,0.491
M,Barnes,7.0,7.0,Leicester,56,3.204,54,3.268,49,1.989,49,2.952,51,3.23,52,2.478,52,2.819,50,2.565
M,Ndidi,5.0,5.0,Leicester,80,2.534,76,2.625,72,1.883,69,2.364,70,2.473,69,2.036,66,2.117,68,2.143
D,Benkovic,4.5,4.5,Leicester,69,2.613,64,2.962,62,0.948,31,1.315,31,1.401,19,0.567,17,0.631,15,0.566
D,Söyüncü,5.5,5.5,Leicester,88,3.321,86,3.976,84,1.208,83,3.494,81,3.647,80,2.306,78,2.853,77,2.864
D,Justin,4.5,4.5,Leicester,87,3.348,84,3.832,83,1.269,72,3.127,70,3.237,63,1.9,61,2.243,57,2.207
D,Thomas,4.5,4.5,Leicester,71,2.777,65,3.059,62,0.982,34,1.469,29,1.333,17,0.521,17,0.646,14,0.539
M,Milner,5.5,5.5,Liverpool,20,1.069,19,0.827,21,1.056,22,1.193,19,0.926,24,1.268,24,1.335,24,0.952
D,Tsimikas,5.0,5.0,Liverpool,5,0.273,7,0.274,8,0.389,11,0.606,12,0.604,14,0.806,11,0.621,13,0.372
M,Wijnaldum,5.5,5.5,Liverpool,62,2.546,56,1.933,56,2.14,52,2.159,55,2.11,53,2.18,53,2.237,52,1.672
M,Henderson,5.5,5.5,Liverpool,76,3.177,74,2.503,75,2.862,74,3.115,72,2.773,70,2.938,70,3.03,67,2.101
G,Adrián,4.5,4.5,Liverpool,0,0,1,0.04,2,0.088,2,0.093,1,0.045,3,0.148,4,0.189,3,0.108
D,Matip,5.5,5.5,Liverpool,4,0.193,6,0.206,8,0.345,6,0.29,8,0.36,10,0.514,8,0.395,12,0.292
M,Shaqiri,6.5,6.5,Liverpool,2,0.138,3,0.166,3,0.192,3,0.217,4,0.25,4,0.274,3,0.222,5,0.252
M,Chamberlain,6.5,6.5,Liverpool,1,0.054,16,0.7,22,1.121,24,1.347,23,1.155,24,1.294,25,1.434,27,1.107
F,Firmino,9.5,9.5,Liverpool,71,4.974,64,3.48,68,4.245,65,4.659,64,3.92,64,4.287,64,4.705,64,3.177
D,van Dijk,6.5,6.5,Liverpool,81,4.344,81,2.987,74,3.507,77,4.148,75,3.692,78,4.428,73,4.044,75,1.939
M,Mané,12.0,12.0,Liverpool,80,6.152,76,4.318,74,5.026,73,5.708,73,4.855,72,5.343,70,5.646,68,3.443
G,Alisson,6.0,6.0,Liverpool,89,4.304,88,3.671,87,3.983,87,4.219,88,4.157,86,4.386,85,4.165,86,3.234
M,Fabinho,5.5,5.5,Liverpool,61,2.163,63,1.842,61,2.003,58,2.049,60,1.973,56,2.005,56,2.028,58,1.565
M,Salah,12.0,12.0,Liverpool,78,6.822,76,4.886,71,5.485,73,6.47,72,5.411,71,5.948,70,6.399,69,3.907
D,Robertson,7.0,7.0,Liverpool,84,5.14,82,3.429,81,4.33,79,4.84,77,4.259,75,4.795,76,4.792,75,2.216
F,Origi,5.5,5.5,Liverpool,16,1.043,20,1.047,19,1.121,21,1.356,21,1.197,23,1.388,21,1.378,22,1.081
M,Harry Wilson,5.5,5.5,Liverpool,12,0.806,14,0.734,14,0.846,12,0.818,12,0.709,15,0.967,16,1.115,16,0.765
M,Minamino,6.5,6.5,Liverpool,7,0.487,6,0.326,7,0.437,9,0.631,8,0.488,7,0.466,11,0.789,10,0.491
D,Alexander-Arnold,7.5,7.5,Liverpool,87,5.544,83,3.563,81,4.492,80,5.112,81,4.613,79,5.216,81,5.342,77,2.337
D,Gomez,5.5,5.5,Liverpool,48,2.221,53,1.706,52,2.139,51,2.363,53,2.295,51,2.542,52,2.475,54,1.203
M,Keita,5.5,5.5,Liverpool,45,2.224,42,1.669,41,1.858,42,2.101,45,2.049,46,2.274,45,2.331,47,1.695
F,Brewster,4.5,4.5,Liverpool,0,0,2,0.122,2,0.139,3,0.234,3,0.203,2,0.147,3,0.239,2,0.113
M,Jones,4.5,4.5,Liverpool,3,0.167,2,0.09,3,0.153,3,0.168,3,0.151,3,0.162,4,0.229,5,0.209
D,Williams,4.0,4.0,Liverpool,47,2.346,44,1.541,50,2.219,51,2.555,49,2.271,48,2.555,52,2.677,47,1.161
M,Elliott,4.5,4.5,Liverpool,0,0,0,0,0,0,0,0,0,0,0,0,0,0,0,0
D,Fernandinho,5.5,5.5,Man City,0,0,35,1.518,36,1.701,35,1.642,34,1.505,34,1.622,36,1.783,37,1.227
G,Bravo,4.5,4.5,Man City,0,0,0,0,0,0,0,0,0,0,0,0,0,0,0,0
F,Agüero,10.5,10.5,Man City,0,0,51,3.563,51,4.13,52,4.275,51,4.012,51,4.346,47,3.677,51,3.405
D,Otamendi,5.0,5.0,Man City,0,0,17,0.76,17,0.833,21,1.025,22,1.016,21,1.042,20,1.015,21,0.723
D,Walker,6.0,6.0,Man City,0,0,75,3.391,75,3.685,73,3.565,72,3.318,71,3.52,74,3.808,71,2.468
M,Gündogan,5.5,5.5,Man City,0,0,41,1.73,43,2.005,43,2.01,48,2.162,43,2.066,47,2.174,45,1.769
M,De Bruyne,11.5,11.5,Man City,0,0,77,4.631,74,5.336,75,5.213,73,5.103,74,5.559,73,5.128,70,4.039
D,Stones,5.0,5.0,Man City,0,0,23,1.018,18,0.857,21,0.997,23,1.036,19,0.907,21,1.044,21,0.731
D,Mendy,6.0,6.0,Man City,0,0,41,1.902,39,1.968,37,1.858,38,1.808,38,1.936,41,2.167,39,1.391
M,Mahrez,8.5,8.5,Man City,0,0,47,3.199,49,3.888,46,3.691,47,3.549,48,3.99,46,3.501,43,2.765
M,Sterling,11.5,11.5,Man City,0,0,76,4.959,74,5.597,73,5.573,74,5.44,73,5.79,72,5.29,72,4.379
D,Cancelo,5.5,5.5,Man City,0,0,42,1.882,41,2.013,45,2.195,45,2.07,44,2.181,42,2.152,43,1.479
G,Ederson,6.0,6.0,Man City,0,0,88,4.013,89,4.16,86,4.008,87,3.927,86,4.01,87,4.235,86,3.475
D,Aké,5.5,5.5,Man City,0,0,21,1.116,18,1.044,18,1.045,21,1.157,23,1.36,21,1.261,22,0.927
D,Laporte,6.0,6.0,Man City,0,0,70,3.215,73,3.706,72,3.638,68,3.199,68,3.486,67,3.566,67,2.388
M,Bernardo Silva,7.5,7.5,Man City,0,0,53,2.814,53,3.18,54,3.249,52,3.029,51,3.181,54,3.145,51,2.528
F,Jesus,9.5,9.5,Man City,0,0,39,2.56,38,2.886,39,2.994,41,3.042,39,3.1,43,3.012,37,2.332
D,Zinchenko,5.5,5.5,Man City,0,0,18,0.846,22,1.123,20,1.017,20,0.963,22,1.135,19,1.011,23,0.852
M,Foden,6.5,6.5,Man City,0,0,32,1.845,34,2.207,33,2.166,35,2.202,35,2.36,35,2.115,39,2.015
M,Doyle,4.5,4.5,Man City,0,0,0,0,1,0.056,1,0.056,1,0.054,3,0.173,1,0.054,1,0.048
M,Rodrigo,5.5,5.5,Man City,0,0,74,2.488,74,2.643,74,2.672,69,2.426,69,2.539,68,2.471,70,2.209
M,Torres,7.0,7.0,Man City,0,0,20,1.097,20,1.241,22,1.377,20,1.205,26,1.674,21,1.26,28,1.437
D,Garcia,5.0,5.0,Man City,0,0,37,1.656,37,1.782,36,1.725,35,1.585,36,1.745,38,1.921,39,1.352
G,Romero,5.0,5.0,Man Utd,0,0,0,0,0,0,0,0,0,0,0,0,0,0,0,0
M,Mata,6.0,6.0,Man Utd,0,0,9,0.523,13,0.698,11,0.582,10,0.555,14,0.693,11,0.591,15,0.79
G,de Gea,5.5,5.5,Man Utd,0,0,81,4.042,80,3.662,80,3.494,81,3.844,77,3.191,80,3.486,79,3.556
D,Smalling,5.0,5.0,Man Utd,0,0,3,0.156,6,0.271,7,0.292,9,0.436,8,0.297,8,0.333,8,0.35
F,Ighalo,6.5,6.5,Man Utd,0,0,10,0.735,12,0.812,12,0.784,11,0.769,14,0.872,13,0.865,12,0.779
D,Rojo,5.0,5.0,Man Utd,0,0,1,0.05,0,0,1,0.039,1,0.046,2,0.069,2,0.079,3,0.123
M,Matic,5.0,5.0,Man Utd,0,0,67,2.376,67,2.202,65,2.057,64,2.172,65,1.976,62,1.986,62,1.99
M,Pogba,8.0,8.0,Man Utd,0,0,50,2.73,49,2.447,48,2.295,56,2.886,50,2.271,52,2.532,50,2.397
D,Jones,5.0,5.0,Man Utd,0,0,1,0.053,1,0.046,1,0.042,1,0.049,2,0.075,2,0.084,2,0.088
D,Maguire,5.5,5.5,Man Utd,0,0,83,4.613,82,3.909,81,3.495,81,4.124,79,3.001,79,3.425,78,3.56
M,Fred,5.5,5.5,Man Utd,0,0,33,1.386,35,1.356,39,1.449,33,1.325,36,1.287,38,1.433,38,1.421
D,Shaw,5.0,5.0,Man Utd,0,0,75,4.09,77,3.578,75,3.14,75,3.736,75,2.745,72,3.03,71,3.13
M,Lingard,6.0,6.0,Man Utd,0,0,8,0.456,8,0.415,10,0.5,8,0.432,10,0.479,10,0.511,10,0.498
M,Fernandes,10.5,10.5,Man Utd,0,0,76,5.898,73,5.097,73,4.845,73,5.317,70,4.358,69,4.697,70,4.655
F,Martial,9.0,9.0,Man Utd,0,0,76,4.901,73,4.329,73,4.172,72,4.431,70,3.833,70,4.12,71,4.048
M,Pereira,5.0,5.0,Man Utd,0,0,5,0.261,6,0.308,6,0.289,6,0.317,7,0.323,7,0.349,7,0.342
G,Henderson,5.5,5.5,Man Utd,0,0,8,0.403,9,0.417,9,0.398,8,0.384,12,0.503,9,0.396,10,0.456
M,Rashford,9.5,9.5,Man Utd,0,0,80,5.543,78,4.902,77,4.629,76,5.001,73,4.14,75,4.645,71,4.306
D,Tuanzebe,4.5,4.5,Man Utd,0,0,0,0,0,0,0,0,0,0,0,0,0,0,0,0
D,Lindelöf,5.0,5.0,Man Utd,0,0,77,3.934,76,3.321,74,2.936,72,3.363,74,2.576,72,2.868,71,2.983
M,McTominay,5.0,5.0,Man Utd,0,0,33,1.48,34,1.401,33,1.312,34,1.447,34,1.282,34,1.362,36,1.436
D,Bailly,5.0,5.0,Man Utd,0,0,18,0.957,15,0.677,19,0.782,18,0.874,19,0.69,19,0.788,24,1.043
M,James,6.5,6.5,Man Utd,0,0,19,1.044,20,1.014,21,1.022,22,1.151,26,1.203,23,1.135,25,1.216
D,Fosu-Mensah,4.5,4.5,Man Utd,0,0,0,0,0,0,0,0,0,0,0,0,0,0,1,0.044
D,Wan-Bissaka,5.5,5.5,Man Utd,0,0,83,4.5,85,3.949,82,3.452,81,4.027,80,2.956,81,3.414,78,3.458
D,Dalot,5.0,5.0,Man Utd,0,0,2,0.116,1,0.05,3,0.139,3,0.16,4,0.165,4,0.186,6,0.291
M,Greenwood,7.5,7.5,Man Utd,0,0,64,3.829,63,3.444,64,3.375,64,3.645,60,3.007,63,3.357,60,3.189
M,Chong,4.5,4.5,Man Utd,0,0,0,0,0,0,0,0,0,0,0,0,0,0,0,0
M,Garner,4.5,4.5,Man Utd,0,0,0,0,1,0.042,0,0,1,0.043,1,0.039,2,0.081,2,0.081
D,Williams,4.5,4.5,Man Utd,0,0,12,0.801,11,0.64,12,0.621,12,0.748,11,0.506,14,0.735,14,0.755
D,Mengi,4.0,4.0,Man Utd,0,0,0,0,0,0,0,0,0,0,0,0,1,0.042,0,0
F,Carroll,5.5,5.5,Newcastle,41,1.967,31,1.549,32,1.337,22,1.152,27,1.132,26,1.095,26,1.262,27,1.263
M,Shelvey,5.5,5.5,Newcastle,75,2.636,75,2.772,72,2.304,68,2.657,70,2.248,69,2.243,69,2.524,72,2.509
M,Ritchie,5.0,5.0,Newcastle,70,2.789,70,2.937,69,2.414,69,3.084,67,2.369,64,2.336,65,2.66,66,2.623
D,Fernández,5.0,5.0,Newcastle,79,2.371,78,2.842,79,1.855,74,3.045,72,1.714,71,1.953,73,2.52,73,2.235
D,Clark,4.5,4.5,Newcastle,50,1.597,45,1.762,38,0.963,41,1.795,44,1.122,46,1.342,45,1.659,42,1.377
G,Darlow,5.0,5.0,Newcastle,90,3.453,89,3.774,88,3.262,88,3.913,87,3.223,87,3.364,87,3.623,86,3.418
G,Dubravka,5.0,5.0,Newcastle,0,0,0,0,0,0,0,0,0,0,0,0,0,0,0,0
D,Lejeune,4.5,4.5,Newcastle,1,0.033,2,0.077,2,0.052,3,0.128,3,0.078,4,0.117,4,0.145,3,0.098
D,Lascelles,4.5,4.5,Newcastle,69,1.995,65,2.291,65,1.485,65,2.567,65,1.5,63,1.688,65,2.172,64,1.897
F,Gayle,6.0,6.0,Newcastle,5,0.327,28,1.808,42,2.115,56,3.631,56,2.73,54,2.655,55,3.249,57,3.242
M,Atsu,5.5,5.5,Newcastle,11,0.447,10,0.408,9,0.327,8,0.347,10,0.363,12,0.447,12,0.479,13,0.515
D,Dummett,4.5,4.5,Newcastle,46,1.363,38,1.369,43,1.03,41,1.668,43,1.042,45,1.263,43,1.483,44,1.343
D,Manquillo,4.5,4.5,Newcastle,64,1.91,62,2.247,60,1.429,62,2.522,57,1.372,58,1.61,58,1.999,55,1.689
D,Krafth,4.5,4.5,Newcastle,33,1.114,30,1.228,29,0.778,29,1.304,33,0.888,33,1.013,30,1.15,35,1.197
D,Schär,5.0,5.0,Newcastle,5,0.158,26,0.988,38,0.929,38,1.621,37,0.916,40,1.129,39,1.399,41,1.322
D,Yedlin,4.5,4.5,Newcastle,16,0.496,18,0.666,22,0.539,21,0.862,20,0.496,21,0.593,21,0.735,22,0.688
M,Hayden,5.0,5.0,Newcastle,74,2.237,71,2.247,66,1.839,68,2.255,64,1.799,64,1.826,65,2.036,62,1.88
M,Aarons,5.0,5.0,Newcastle,17,0.673,18,0.73,17,0.607,19,0.801,19,0.677,18,0.646,17,0.67,17,0.653
M,Saint-Maximin,5.5,5.5,Newcastle,76,3.028,74,3.066,71,2.511,72,3.137,72,2.559,72,2.576,71,2.843,68,2.677
M,Almirón,6.0,6.0,Newcastle,80,3.58,77,3.687,72,2.814,73,3.649,71,2.778,70,2.78,66,3.046,69,3.058
F,Joelinton,6.0,6.0,Newcastle,65,2.555,54,2.236,51,1.832,49,2.122,47,1.708,50,1.796,51,2.042,48,1.899
F,Muto,5.0,5.0,Newcastle,3,0.119,3,0.119,3,0.111,2,0.081,2,0.074,3,0.111,3,0.117,4,0.163
D,Watts,4.0,4.0,Newcastle,0,0,0,0,0,0,0,0,0,0,0,0,0,0,0,0
F,Sharp,6.0,6.0,Sheffield Utd,43,1.983,42,2.214,42,2.2,45,1.919,43,2.462,45,1.722,45,1.789,46,1.856
F,McGoldrick,5.5,5.5,Sheffield Utd,50,2.243,47,2.428,49,2.501,47,1.992,49,2.779,48,1.807,47,1.865,49,1.956
D,Basham,5.0,5.0,Sheffield Utd,83,2.676,82,2.958,79,2.965,78,1.985,76,3.361,76,1.189,75,1.159,72,1.512
M,Fleck,6.0,6.0,Sheffield Utd,57,2,57,2.213,60,2.323,59,1.962,61,2.633,58,1.729,59,1.813,59,1.863
D,Stevens,5.5,5.5,Sheffield Utd,87,3.276,83,3.662,84,3.809,81,2.494,80,4.239,78,1.529,76,1.505,78,1.989
G,Moore,4.5,4.5,Sheffield Utd,0,0,0,0,0,0,1,0.038,2,0.094,1,0.035,0,0,3,0.11
M,Norwood,5.0,5.0,Sheffield Utd,78,2.736,75,2.939,76,3.018,74,2.471,70,3.12,68,2.042,71,2.192,69,2.195
G,Foderingham,4.5,4.5,Sheffield Utd,0,0,0,0,1,0.044,1,0.038,0,0,2,0.071,2,0.071,2,0.073
D,Baldock,5.5,5.5,Sheffield Utd,87,2.916,83,3.174,84,3.322,81,2.185,82,3.801,81,1.367,79,1.331,76,1.701
D,Jack Robinson,4.5,4.5,Sheffield Utd,13,0.409,23,0.795,25,0.897,29,0.73,30,1.256,34,0.541,35,0.546,38,0.794
D,Egan,5.0,5.0,Sheffield Utd,88,3.095,83,3.348,83,3.466,82,2.334,80,3.876,79,1.428,79,1.421,77,1.821
D,O'Connell,5.0,5.0,Sheffield Utd,85,2.928,82,3.215,81,3.289,80,2.23,80,3.776,78,1.383,79,1.387,77,1.786
M,Lundstram,5.5,5.5,Sheffield Utd,41,1.528,45,1.839,47,1.937,42,1.498,49,2.208,49,1.554,50,1.629,52,1.741
M,Osborn,5.0,5.0,Sheffield Utd,27,0.918,30,1.078,29,1.046,35,1.126,33,1.265,36,1.074,35,1.064,38,1.175
F,McBurnie,6.0,6.0,Sheffield Utd,72,3.015,72,3.495,70,3.405,67,2.685,66,3.558,67,2.384,65,2.438,64,2.434
F,Callum Robinson,5.5,5.5,Sheffield Utd,6,0.277,9,0.469,11,0.565,11,0.49,11,0.611,13,0.522,13,0.545,14,0.587
F,Mousset,6.0,6.0,Sheffield Utd,7,0.365,9,0.537,9,0.537,10,0.49,12,0.786,9,0.397,12,0.546,11,0.508
M,Berge,5.0,5.0,Sheffield Utd,68,2.278,67,2.416,62,2.26,66,2.127,66,2.566,67,1.975,65,1.954,61,1.908
F,Long,5.5,5.5,Southampton,32,1.691,32,1.6,34,1.836,34,2.04,32,1.422,31,1.671,34,1.94,34,1.945
D,Bertrand,5.0,5.0,Southampton,88,3.613,85,2.811,83,3.506,84,3.854,82,1.945,79,3.247,78,3.214,78,3.679
G,McCarthy,4.5,4.5,Southampton,90,3.835,89,3.514,88,3.842,87,3.822,86,3.123,87,3.732,87,3.682,88,4.001
M,Oriol Romeu,4.5,4.5,Southampton,80,2.241,77,2.076,74,2.153,72,2.208,71,1.788,71,2.067,72,2.113,71,2.183
M,Redmond,6.5,6.5,Southampton,82,3.598,81,3.285,79,3.562,80,3.973,76,2.776,77,3.434,77,3.623,74,3.57
F,Ings,8.5,8.5,Southampton,74,3.777,71,3.391,70,3.672,71,4.206,71,2.952,70,3.645,68,3.815,67,3.781
D,Stephens,5.0,5.0,Southampton,65,2.492,64,1.966,65,2.571,65,2.737,63,1.386,64,2.444,61,2.327,63,2.787
M,Armstrong,5.5,5.5,Southampton,59,2.42,58,2.262,59,2.498,59,2.727,57,2.009,57,2.372,59,2.576,56,2.529
D,Vestergaard,4.5,4.5,Southampton,41,1.653,42,1.348,42,1.734,44,1.937,44,1.025,41,1.614,47,1.862,45,2.051
M,Ward-Prowse,6.0,6.0,Southampton,86,3.25,83,3.023,81,3.221,81,3.546,78,2.561,80,3.111,77,3.185,74,3.192
G,Gunn,4.5,4.5,Southampton,0,0,0,0,1,0.043,2,0.087,2,0.072,2,0.085,2,0.084,1,0.045
M,Boufal,5.5,5.5,Southampton,9,0.381,11,0.447,14,0.614,12,0.573,17,0.63,17,0.73,16,0.718,19,0.877
M,Reed,4.5,4.5,Fulham,0,0,0,0,1,0.043,2,0.072,1,0.038,1,0.041,1,0.042,2,0.079
M,Sims,4.5,4.5,Southampton,2,0.084,2,0.08,3,0.128,3,0.139,4,0.148,5,0.21,4,0.176,5,0.225
D,Walker-Peters,4.5,4.5,Southampton,76,2.986,75,2.329,74,2.979,72,3.11,69,1.532,69,2.678,68,2.635,67,3.021
D,Bednarek,4.5,4.5,Southampton,59,2.131,59,1.705,56,2.092,57,2.256,55,1.119,58,2.075,56,1.988,54,2.26
F,Adams,6.0,6.0,Southampton,48,2.476,49,2.313,49,2.546,45,2.637,50,2.092,48,2.474,46,2.547,48,2.653
D,Valery,5.0,5.0,Southampton,12,0.474,14,0.448,14,0.567,15,0.652,18,0.421,19,0.746,20,0.787,20,0.9
M,Smallbone,4.5,4.5,Southampton,30,1.12,33,1.169,34,1.283,37,1.486,37,1.21,36,1.343,38,1.454,38,1.499
D,Vokins,4.0,4.0,Southampton,0,0,1,0.031,1,0.039,2,0.083,3,0.07,4,0.151,3,0.112,4,0.172
F,Obafemi,5.0,5.0,Southampton,24,1.139,24,1.076,24,1.168,26,1.383,24,0.98,25,1.201,28,1.406,28,1.417
M,Djenepo,5.5,5.5,Southampton,10,0.438,14,0.569,14,0.634,15,0.743,18,0.664,17,0.73,18,0.815,21,0.976
G,Lloris,5.5,5.5,Spurs,89,4.055,89,4.02,87,4.284,87,3.444,88,4.126,86,4.086,85,4.037,86,3.949
D,Rose,5.0,5.0,Spurs,2,0.081,5,0.193,7,0.329,7,0.192,8,0.35,10,0.432,12,0.529,11,0.458
M,Sissoko,5.0,5.0,Spurs,71,2.54,67,2.342,68,2.63,71,2.141,70,2.667,64,2.37,66,2.474,70,2.571
D,Alderweireld,5.5,5.5,Spurs,76,3.218,74,2.982,72,3.537,72,2.026,74,3.367,73,3.294,68,3.13,71,3.072
M,Lamela,6.0,6.0,Spurs,26,1.454,23,1.248,22,1.346,26,1.147,24,1.483,29,1.649,29,1.7,27,1.616
F,Kane,10.5,10.5,Spurs,84,5.145,81,4.82,83,5.516,80,3.787,80,5.467,78,4.847,75,4.851,73,4.804
D,Aurier,5.5,5.5,Spurs,60,2.716,58,2.467,59,3.081,58,1.69,59,2.867,57,2.72,54,2.641,59,2.714
M,Son,9.0,9.0,Spurs,72,4.398,66,3.94,68,4.634,70,3.302,67,4.538,67,4.198,64,4.213,65,4.289
D,Dier,5.0,5.0,Spurs,62,2.616,61,2.441,63,3.089,61,1.699,60,2.735,59,2.646,60,2.754,56,2.422
M,Lucas Moura,7.0,7.0,Spurs,56,2.976,58,2.982,57,3.289,56,2.365,59,3.413,54,2.919,56,3.111,54,3.004
G,Gazzaniga,4.5,4.5,Spurs,0,0,0,0,1,0.047,1,0.038,0,0,1,0.046,3,0.137,1,0.044
M,Alli,8.0,8.0,Spurs,47,2.71,45,2.505,50,3.178,48,2.173,48,3.039,48,2.803,52,3.171,50,3.019
D,Davies,5.0,5.0,Spurs,86,3.564,83,3.267,81,3.9,81,2.232,79,3.526,76,3.349,76,3.422,77,3.263
M,Højbjerg,5.0,5.0,Spurs,43,1.591,47,1.69,46,1.823,44,1.401,45,1.763,45,1.703,47,1.802,45,1.708
M,Winks,5.5,5.5,Spurs,46,1.541,45,1.48,41,1.48,44,1.296,41,1.46,47,1.612,43,1.503,43,1.484
D,Sánchez,5.5,5.5,Spurs,41,1.697,44,1.728,44,2.096,45,1.255,44,1.945,46,2.017,47,2.1,46,1.92
D,Sessegnon,5.0,5.0,Spurs,1,0.048,2,0.091,2,0.11,3,0.099,2,0.103,2,0.101,4,0.206,4,0.196
M,Bergwijn,7.5,7.5,Spurs,29,1.378,35,1.608,35,1.795,29,1.12,30,1.546,33,1.584,34,1.677,36,1.774
M,Fernandes,5.0,5.0,Spurs,0,0,0,0,0,0,1,0.037,1,0.044,1,0.042,1,0.043,3,0.129
D,Tanganga,5.0,5.0,Spurs,1,0.042,2,0.08,3,0.145,4,0.115,5,0.225,7,0.313,6,0.272,5,0.215
M,Lo Celso,7.0,7.0,Spurs,55,2.497,56,2.48,53,2.619,54,2.014,56,2.753,54,2.51,53,2.528,52,2.48
M,Skipp,4.5,4.5,Spurs,0,0,0,0,0,0,0,0,0,0,0,0,0,0,0,0
M,Ndombele,6.0,6.0,Spurs,2,0.078,4,0.152,3,0.123,4,0.137,5,0.207,5,0.199,6,0.242,6,0.239
D,Foyth,4.5,4.5,Spurs,0,0,0,0,0,0,0,0,0,0,0,0,0,0,1,0.043
D,Gibbs,4.5,4.5,West Brom,65,1.908,64,1.911,62,1.42,62,1.889,63,2.574,59,1.883,62,2.315,63,1.726
F,Robson-Kanu,5.5,5.5,West Brom,60,2.467,58,2.286,63,2.355,60,2.464,55,2.53,57,2.33,56,2.593,53,2.113
M,Livermore,5.0,5.0,West Brom,83,2.393,81,2.328,80,2.195,78,2.301,79,2.539,76,2.267,77,2.455,76,2.182
M,Grosicki,5.5,5.5,West Brom,48,2.098,43,1.832,43,1.733,47,2.063,47,2.345,44,1.939,46,2.285,46,1.936
M,Phillips,5.5,5.5,West Brom,49,2.025,55,2.191,55,2.071,53,2.186,52,2.424,54,2.229,51,2.369,49,1.952
D,Bartley,4.5,4.5,West Brom,38,1.025,37,1.02,41,0.854,39,1.092,42,1.574,44,1.29,43,1.475,44,1.104
M,Sawyers,5.0,5.0,West Brom,84,2.302,82,2.254,80,2.11,78,2.198,77,2.356,76,2.168,76,2.298,76,2.093
D,Hegazi,4.5,4.5,West Brom,55,1.593,59,1.737,58,1.309,60,1.796,54,2.162,57,1.788,57,2.086,54,1.462
F,Austin,5.5,5.5,West Brom,26,1.463,29,1.542,23,1.155,27,1.508,31,1.937,28,1.551,29,1.833,31,1.627
F,Zohore,5.0,5.0,West Brom,3,0.143,4,0.182,4,0.176,5,0.236,6,0.308,7,0.326,7,0.361,8,0.361
G,Johnstone,4.5,4.5,West Brom,89,3.315,89,3.444,87,3.146,87,3.359,86,3.685,87,3.411,87,3.586,86,3.229
D,Townsend,4.5,4.5,West Brom,24,0.635,26,0.706,28,0.577,28,0.769,28,1.019,32,0.922,29,0.967,29,0.717
D,Ajayi,5.0,5.0,West Brom,84,2.426,81,2.385,79,1.773,79,2.371,79,3.191,76,2.39,75,2.764,75,2.025
M,Leko,4.5,4.5,West Brom,0,0,0,0,0,0,0,0,0,0,0,0,0,0,0,0
M,Edwards,5.0,5.0,West Brom,44,1.524,47,1.596,46,1.498,42,1.468,45,1.709,45,1.572,43,1.621,44,1.494
D,Furlong,4.5,4.5,West Brom,18,0.511,20,0.578,25,0.554,20,0.587,27,1.052,25,0.767,27,0.966,30,0.792
M,Field,5.0,5.0,West Brom,9,0.313,9,0.31,12,0.4,13,0.453,15,0.554,17,0.591,15,0.549,16,0.543
M,Burke,4.5,4.5,West Brom,8,0.296,9,0.326,13,0.454,14,0.516,14,0.555,16,0.589,17,0.668,18,0.645
D,O'Shea,4.5,4.5,West Brom,73,2.192,71,2.155,67,1.557,72,2.239,68,2.871,69,2.244,67,2.602,64,1.791
M,Harper,4.5,4.5,West Brom,42,1.363,42,1.354,41,1.274,45,1.463,44,1.541,44,1.44,44,1.522,45,1.426
M,Noble,5.0,5.0,West Ham,56,2.282,55,1.847,55,1.97,54,1.883,55,1.825,50,1.585,53,1.604,53,2.301
M,Snodgrass,6.0,6.0,West Ham,28,1.409,28,1.135,31,1.325,32,1.327,30,1.192,33,1.218,31,1.105,33,1.797
G,Martin,4.0,4.0,West Ham,0,0,0,0,1,0.039,0,0,0,0,2,0.069,1,0.034,1,0.043
G,Randolph,4.5,4.5,West Ham,0,0,0,0,1,0.041,1,0.038,1,0.037,2,0.071,2,0.071,2,0.089
G,Fabianski,5.0,5.0,West Ham,89,3.849,88,3.314,87,3.552,87,3.366,87,3.272,86,3.086,86,3.072,86,3.871
D,Ogbonna,5.0,5.0,West Ham,88,3.4,86,1.999,83,2.601,82,2.168,82,1.893,81,1.073,79,1.06,79,3.334
G,Roberto,4.5,4.5,West Ham,0,0,0,0,0,0,0,0,0,0,0,0,0,0,0,0
M,Wilshere,5.0,5.0,West Ham,1,0.037,2,0.066,1,0.034,2,0.067,2,0.065,2,0.063,4,0.123,5,0.195
D,Cresswell,5.0,5.0,West Ham,86,3.499,85,2.102,83,2.724,81,2.265,83,2.033,79,1.16,79,1.159,76,3.377
M,Yarmolenko,6.0,6.0,West Ham,13,0.668,16,0.645,14,0.62,15,0.648,16,0.666,19,0.738,18,0.675,20,1.109
F,Antonio,6.5,6.5,West Ham,72,4.195,70,3.273,71,3.499,69,3.326,69,3.172,69,2.924,67,2.713,67,4.34
D,Fredericks,4.5,4.5,West Ham,84,3.077,80,1.763,82,2.449,81,2.032,80,1.747,76,0.942,75,0.936,76,3.065
M,Lanzini,6.5,6.5,West Ham,5,0.256,7,0.296,7,0.318,6,0.268,8,0.33,9,0.358,8,0.306,9,0.497
M,Felipe Anderson,6.5,6.5,West Ham,45,2.267,40,1.645,44,1.904,43,1.814,44,1.774,42,1.584,44,1.591,46,2.515
F,Haller,6.5,6.5,West Ham,23,1.275,26,1.189,24,1.151,26,1.214,27,1.217,27,1.149,29,1.177,28,1.673
D,Masuaku,4.5,4.5,West Ham,2,0.078,6,0.15,8,0.258,8,0.22,10,0.245,10,0.153,13,0.198,16,0.678
D,Balbuena,4.5,4.5,West Ham,2,0.082,4,0.104,7,0.233,11,0.315,11,0.279,10,0.16,14,0.221,15,0.666
F,Hugill,5.5,5.5,West Ham,0,0,0,0,0,0,0,0,0,0,0,0,0,0,0,0
M,Bowen,6.5,6.5,West Ham,63,3.247,62,2.566,63,2.775,63,2.694,62,2.528,60,2.271,59,2.155,58,3.256
M,Diangana,5.5,5.5,West Ham,4,0.199,5,0.21,6,0.263,7,0.301,5,0.203,6,0.236,5,0.191,7,0.374
F,Ajeti,5.5,5.5,West Ham,0,0,0,0,0,0,0,0,0,0,0,0,0,0,0,0
M,Rice,5.0,5.0,West Ham,87,2.573,85,2.214,83,2.311,82,2.209,81,2.127,80,1.994,78,1.929,77,2.449
M,Soucek,5.0,5.0,West Ham,85,3.58,81,2.758,80,2.909,78,2.76,77,2.61,78,2.449,77,2.335,76,3.491
M,Fornals,6.5,6.5,West Ham,49,2.312,53,2.039,50,2.05,51,2.028,51,1.945,51,1.812,49,1.686,49,2.511
D,Diop,4.5,4.5,West Ham,88,3.5,86,2.039,84,2.688,83,2.243,81,1.906,82,1.113,79,1.08,78,3.428
D,Johnson,4.0,4.0,West Ham,7,0.254,12,0.282,12,0.368,15,0.394,14,0.326,22,0.306,22,0.315,21,0.819
G,Ruddy,4.5,4.5,Wolves,0,0,0,0,0,0,1,0.049,0,0,1,0.048,1,0.049,1,0.042
M,Moutinho,5.5,5.5,Wolves,80,2.873,79,2.424,77,2.886,79,3.358,76,2.788,73,2.964,75,3.018,73,2.535
G,Patrício,5.5,5.5,Wolves,89,4.007,89,3.268,88,3.902,88,4.297,87,3.854,87,4.214,87,4.278,86,3.615
D,Bennett,4.5,4.5,Wolves,13,0.516,17,0.369,19,0.748,22,1.06,22,0.856,23,1.082,27,1.295,22,0.756
D,Doherty,6.0,6.0,Spurs,29,1.707,31,1.736,30,2.023,32,1.227,30,1.928,31,1.918,35,2.219,31,1.888
D,Boly,5.5,5.5,Wolves,80,3.477,78,1.763,77,3.234,76,3.919,80,3.324,75,3.771,76,3.884,76,2.765
D,Coady,5.0,5.0,Wolves,78,3.078,79,1.599,78,2.953,75,3.494,78,2.92,75,3.437,72,3.369,72,2.403
F,Jiménez,8.5,8.5,Wolves,81,4.384,77,3.517,75,4.451,74,5.153,74,4.265,74,4.659,71,4.397,69,3.645
D,Saïss,5.0,5.0,Wolves,70,2.928,74,1.599,71,2.962,71,3.718,71,2.907,70,3.522,70,3.575,73,2.59
D,Jonny,5.5,5.5,Wolves,0,0,0,0,0,0,0,0,0,0,0,0,0,0,0,0
F,Bonatini,5.0,5.0,Wolves,7,0.382,8,0.376,9,0.52,10,0.651,10,0.563,10,0.6,12,0.705,12,0.623
M,Dendoncker,5.0,5.0,Wolves,65,2.176,63,1.838,65,2.216,67,2.559,63,2.136,67,2.458,66,2.415,66,2.111
M,Traoré,6.5,6.5,Wolves,82,3.357,81,2.776,79,3.403,77,3.826,76,3.208,75,3.508,73,3.365,74,2.898
M,Neves,5.5,5.5,Wolves,82,2.585,78,2.137,77,2.564,75,2.832,75,2.482,75,2.734,75,2.721,73,2.279
D,Buur,4.0,4.0,Wolves,12,0.502,16,0.366,16,0.655,16,0.8,18,0.729,19,0.925,18,0.89,19,0.68
M,Jota,6.5,6.5,Wolves,61,3.144,62,2.599,59,3.303,61,3.999,58,3.157,58,3.495,58,3.436,58,2.87
M,Podence,5.5,5.5,Wolves,38,1.801,36,1.442,41,2.043,37,2.098,41,1.999,43,2.266,40,2.093,42,1.874
D,Kilman,4.0,4.0,Wolves,15,0.603,14,0.301,16,0.619,17,0.802,18,0.687,17,0.785,22,1.038,21,0.716
D,Vinagre,4.5,4.5,Wolves,66,3.221,62,1.609,63,3.042,63,3.772,61,2.907,63,3.621,61,3.539,62,2.59
G,Sarkic,4.5,4.5,Wolves,0,0,0,0,0,0,0,0,1,0.045,1,0.049,1,0.049,1,0.042
M,Gibbs-White,5.0,5.0,Wolves,0,0,0,0,0,0,0,0,0,0,0,0,0,0,0,0
M,Neto,5.5,5.5,Wolves,53,2.627,55,2.26,54,2.901,56,3.529,52,2.732,53,3.058,55,3.132,53,2.529
M,Jordao,4.5,4.5,Wolves,2,0.081,4,0.144,4,0.168,4,0.187,5,0.207,8,0.355,7,0.308,8,0.313
F,Campana,5.0,5.0,Wolves,6,0.325,8,0.374,10,0.572,11,0.709,11,0.613,10,0.595,12,0.699,13,0.669
M,Freeman,5.0,5.0,Sheffield Utd,0,0,0,0,0,0,0,0,0,0,0,0,0,0,0,0
M,Willian,8.0,8.0,Arsenal,33,1.936,33,1.965,38,1.552,34,1.892,36,1.46,38,2.014,38,1.65,35,2.198
D,Salisu,4.5,4.5,Southampton,14,0.539,14,0.435,17,0.673,14,0.586,19,0.432,17,0.647,17,0.645,18,0.786
M,Sean Longstaff,5.0,5.0,Newcastle,9,0.341,12,0.468,8,0.28,8,0.322,10,0.349,10,0.351,11,0.418,10,0.373
M,Pereira,6.0,6.0,West Brom,77,3.133,73,2.901,73,2.722,71,2.932,69,3.286,68,2.829,69,3.253,69,2.732
G,Hart,4.5,4.5,Spurs,0,0,0,0,1,0.048,0,0,1,0.045,1,0.046,1,0.046,1,0.045
G,Ramsdale,5.0,5.0,Sheffield Utd,89,3.618,88,3.798,88,3.871,87,3.336,87,4.068,87,3.078,87,3.084,86,3.152
